source_run,tensorboard_step,wall_time_unix,optimizer_steps,completed_games,materialized_positions,consumed_presentations,replay_live_rows,replay_capacity,active_model_index,policy_loss,wdl_loss,total_loss,learning_rate,training_samples_per_second,quantum_duration_seconds,credit_wait_seconds
vast-chess-8gpu-v89-v35-progressive-int8-sgd-reuse4-plateau,1,1789858943.0985234,500,6988,258851,1024000,258851,600000,0,2.0994884967803955,1.059646725654602,3.495637893676758,0.10000000149011612,16189.6494140625,63.25028991699219,349.4818115234375
vast-chess-8gpu-v89-v35-progressive-int8-sgd-reuse4-plateau,2,1789859038.015541,1000,5095,534272,2048000,534272,600000,0,1.9519004821777344,1.0705872774124146,3.327223777770996,0.09990999847650528,17731.390625,57.75069046020508,20.874771118164062
vast-chess-8gpu-v89-v35-progressive-int8-sgd-reuse4-plateau,3,1789859161.5820029,1500,3995,771020,3072000,600000,600000,0,2.0077877044677734,1.059312343597412,3.377274751663208,0.09982000291347504,18430.8359375,55.55906677246094,47.207977294921875
vast-chess-8gpu-v89-v35-progressive-int8-sgd-reuse4-plateau,4,1789859280.3522582,2000,4126,1027936,4096000,600000,600000,0,2.1327428817749023,1.015860915184021,3.476203203201294,0.0997299998998642,17509.912109375,58.481163024902344,43.527870178222656
vast-chess-8gpu-v89-v35-progressive-int8-sgd-reuse4-plateau,5,1789859402.0339003,2500,3692,1280939,5120000,600000,600000,0,2.2823283672332764,0.9144235849380493,3.5457804203033447,0.09963999688625336,17395.302734375,58.86646270751953,46.623897552490234
vast-chess-8gpu-v89-v35-progressive-int8-sgd-reuse4-plateau,6,1789859517.331483,3000,3441,1536263,6144000,855324,1200000,0,2.338168144226074,0.8457269072532654,3.541585683822632,0.09955000132322311,17488.447265625,58.552940368652344,38.303375244140625
vast-chess-8gpu-v89-v35-progressive-int8-sgd-reuse4-plateau,7,1789859624.3659706,3500,3279,1794863,7168000,1113924,1200000,0,2.3862037658691406,0.8082075715065002,3.5595245361328125,0.09945999830961227,17595.45703125,58.19683837890625,29.64841079711914
vast-chess-8gpu-v89-v35-progressive-int8-sgd-reuse4-plateau,8,1789859725.8570592,4000,3232,2049291,8192000,1200000,1200000,0,2.467543601989746,0.730598509311676,3.5763819217681885,0.09937000274658203,17183.724609375,59.59127426147461,24.074377059936523
vast-chess-8gpu-v89-v35-progressive-int8-sgd-reuse4-plateau,9,1789859827.0366554,4500,3312,2308534,9216000,1200000,1200000,0,2.5470356941223145,0.656747043132782,3.5956993103027344,0.09927999973297119,17564.64453125,58.298927307128906,24.927522659301758
vast-chess-8gpu-v89-v35-progressive-int8-sgd-reuse4-plateau,10,1789859926.342062,5000,3194,2561120,10240000,1200000,1200000,0,2.595076084136963,0.6419183015823364,3.6385891437530518,0.09918999671936035,17925.439453125,57.125518798828125,24.78923797607422
vast-chess-8gpu-v89-v35-progressive-int8-sgd-reuse4-plateau,11,1789860033.9073093,5500,3310,2824074,11264000,1462954,2000000,0,2.5926616191864014,0.6433110237121582,3.63895845413208,0.09910000115633011,17472.666015625,58.6058235168457,30.714889526367188
vast-chess-8gpu-v89-v35-progressive-int8-sgd-reuse4-plateau,12,1789860144.1523733,6000,3230,3077275,12288000,1716155,2000000,0,2.5874927043914795,0.6448326706886292,3.6362175941467285,0.09900999814271927,17592.8515625,58.20545959472656,32.827877044677734
vast-chess-8gpu-v89-v35-progressive-int8-sgd-reuse4-plateau,13,1789860263.1889086,6500,3398,3331909,13312000,1970789,2000000,0,2.596287727355957,0.6382585167884827,3.640620708465576,0.09892000257968903,17314.52734375,59.141090393066406,40.848114013671875
vast-chess-8gpu-v89-v35-progressive-int8-sgd-reuse4-plateau,14,1789860380.6800058,7000,3431,3585278,14336000,2000000,2000000,0,2.6136887073516846,0.6391476988792419,3.6637418270111084,0.09882999956607819,17378.888671875,58.92206573486328,43.16769027709961
vast-chess-8gpu-v89-v35-progressive-int8-sgd-reuse4-plateau,15,1789860504.1450818,7500,3408,3840799,15360000,2000000,2000000,0,2.6209871768951416,0.6364690065383911,3.6717727184295654,0.09873999655246735,17445.236328125,58.69797134399414,44.76817321777344
vast-chess-8gpu-v89-v35-progressive-int8-sgd-reuse4-plateau,16,1789860621.629662,8000,3527,4102834,16384000,2000000,2000000,0,2.618619203567505,0.6348274946212769,3.6703085899353027,0.0986500009894371,17657.056640625,57.993812561035156,40.63151168823242
vast-chess-8gpu-v89-v35-progressive-int8-sgd-reuse4-plateau,17,1789860741.8899176,8500,3407,4352374,17408000,2000000,2000000,0,2.615644693374634,0.6337609887123108,3.6682727336883545,0.09855999797582626,17006.357421875,60.21277618408203,43.43769836425781
vast-chess-8gpu-v89-v35-progressive-int8-sgd-reuse4-plateau,18,1789860868.6703062,9000,3545,4608971,18432000,2000000,2000000,0,2.6085703372955322,0.6357879042625427,3.6645002365112305,0.09847000241279602,17516.38671875,58.45954513549805,49.176300048828125
vast-chess-8gpu-v89-v35-progressive-int8-sgd-reuse4-plateau,19,1789860992.9736006,9500,3507,4867084,19456000,2000000,2000000,0,2.600767135620117,0.6279441714286804,3.6502692699432373,0.09837999939918518,16728.931640625,61.21131896972656,47.6523551940918
vast-chess-8gpu-v89-v35-progressive-int8-sgd-reuse4-plateau,20,1789861115.2829802,10000,3492,5121280,20480000,2000000,2000000,0,2.589747190475464,0.621724009513855,3.6340763568878174,0.09828999638557434,17413.6796875,58.804344177246094,45.38934326171875
vast-chess-8gpu-v89-v35-progressive-int8-sgd-reuse4-plateau,21,1789861236.7666917,10500,3463,5378171,21504000,2256891,2800000,0,2.578251600265503,0.6213811039924622,3.6213319301605225,0.0982000008225441,17790.82421875,57.557762145996094,46.29670333862305
vast-chess-8gpu-v89-v35-progressive-int8-sgd-reuse4-plateau,22,1789861362.2800107,11000,3497,5636643,22528000,2515363,2800000,0,2.570272207260132,0.621840238571167,3.6130456924438477,0.09810999780893326,17325.1796875,59.1047248840332,48.02723693847656
vast-chess-8gpu-v89-v35-progressive-int8-sgd-reuse4-plateau,23,1789861481.362059,11500,3366,5888589,23552000,2767309,2800000,0,2.5600266456604004,0.623359203338623,3.603816509246826,0.09802000224590302,17388.419921875,58.88976287841797,41.57740020751953
vast-chess-8gpu-v89-v35-progressive-int8-sgd-reuse4-plateau,24,1789861602.9963286,12000,3545,6152262,24576000,2800000,2800000,0,2.5452542304992676,0.6285608410835266,3.59379506111145,0.09792999923229218,17484.25390625,58.566986083984375,44.75216293334961
vast-chess-8gpu-v89-v35-progressive-int8-sgd-reuse4-plateau,25,1789861723.4250407,12500,3408,6404772,25600000,2800000,2800000,0,2.5306801795959473,0.6292612552642822,3.579418897628784,0.09784000366926193,17492.32421875,58.53996276855469,44.52910614013672
vast-chess-8gpu-v89-v35-progressive-int8-sgd-reuse4-plateau,26,1789861846.9505866,13000,3376,6662252,26624000,2800000,2800000,0,2.5132176876068115,0.6342172026634216,3.565864324569702,0.09775000065565109,17381.841796875,58.91205596923828,44.0842170715332
vast-chess-8gpu-v89-v35-progressive-int8-sgd-reuse4-plateau,27,1789861964.989975,13500,3374,6915785,27648000,2800000,2800000,0,2.4982805252075195,0.6352108120918274,3.5512566566467285,0.09765999764204025,17308.6875,59.16104507446289,41.337646484375
vast-chess-8gpu-v89-v35-progressive-int8-sgd-reuse4-plateau,28,1789862084.6048033,14000,3375,7169319,28672000,2800000,2800000,0,2.484696865081787,0.636160671710968,3.537829637527466,0.09757000207901001,17233.572265625,59.41890335083008,42.16155242919922
vast-chess-8gpu-v89-v35-progressive-int8-sgd-reuse4-plateau,29,1789862208.8593783,14500,3470,7427834,29696000,2800000,2800000,0,2.4705214500427246,0.6377918720245361,3.5242443084716797,0.09747999906539917,17425.083984375,58.7658576965332,47.26140213012695
vast-chess-8gpu-v89-v35-progressive-int8-sgd-reuse4-plateau,30,1789862331.6597793,15000,3436,7682825,30720000,2800000,2800000,0,2.455507278442383,0.6398928165435791,3.5102648735046387,0.09739000350236893,17569.412109375,58.28311538696289,45.27025604248047
vast-chess-8gpu-v89-v35-progressive-int8-sgd-reuse4-plateau,31,1789862451.4677088,15500,3396,7937789,31744000,2800000,2800000,0,2.438957929611206,0.6441837549209595,3.49714994430542,0.09730000048875809,17523.5703125,58.435577392578125,43.88245391845703
vast-chess-8gpu-v89-v35-progressive-int8-sgd-reuse4-plateau,32,1789862574.0634375,16000,3485,8198958,32768000,2800000,2800000,0,2.4273221492767334,0.6466349363327026,3.486783504486084,0.09720999747514725,17505.77734375,58.49497604370117,45.36518478393555
vast-chess-8gpu-v89-v35-progressive-int8-sgd-reuse4-plateau,33,1789862693.6306272,16500,3387,8453312,33792000,2800000,2800000,0,2.4123809337615967,0.648520827293396,3.472998857498169,0.097120001912117,17735.923828125,57.73592758178711,43.262794494628906
vast-chess-8gpu-v89-v35-progressive-int8-sgd-reuse4-plateau,34,1789862818.9999247,17000,3383,8706096,34816000,2800000,2800000,0,2.4005861282348633,0.6499596238136292,3.4614739418029785,0.09702999889850616,17344.892578125,59.03754806518555,47.23503112792969
vast-chess-8gpu-v89-v35-progressive-int8-sgd-reuse4-plateau,35,1789862936.5508375,17500,3381,8963236,35840000,2800000,2800000,0,2.387233257293701,0.6521828174591064,3.449183702468872,0.09694000333547592,17428.45703125,58.75448226928711,43.3553466796875
vast-chess-8gpu-v89-v35-progressive-int8-sgd-reuse4-plateau,36,1789863058.2170968,18000,3351,9219319,36864000,2800000,2800000,0,2.3739471435546875,0.6544181704521179,3.4377806186676025,0.09685000032186508,17478.880859375,58.58498764038086,45.11591339111328
vast-chess-8gpu-v89-v35-progressive-int8-sgd-reuse4-plateau,37,1789863181.2629683,18500,3354,9474891,37888000,2800000,2800000,0,2.3585236072540283,0.6552290320396423,3.42193865776062,0.09675999730825424,17719.57421875,57.78919982910156,48.285255432128906
vast-chess-8gpu-v89-v35-progressive-int8-sgd-reuse4-plateau,38,1789863302.489226,19000,3318,9729737,38912000,2800000,2800000,0,2.347245454788208,0.6573721170425415,3.412193775177002,0.096670001745224,17510.84765625,58.47803497314453,45.428348541259766
vast-chess-8gpu-v89-v35-progressive-int8-sgd-reuse4-plateau,39,1789863425.011324,19500,3324,9985785,39936000,2800000,2800000,0,2.3347885608673096,0.658933162689209,3.400604486465454,0.09657999873161316,17196.740234375,59.546165466308594,46.50667190551758
vast-chess-8gpu-v89-v35-progressive-int8-sgd-reuse4-plateau,40,1789863546.4052684,20000,3387,10244761,40960000,2800000,2800000,0,2.323317050933838,0.6609688997268677,3.390540361404419,0.09649000316858292,17830.34375,57.4301872253418,48.51432418823242
vast-chess-8gpu-v89-v35-progressive-int8-sgd-reuse4-plateau,41,1789863665.2210245,20500,3251,10498644,41984000,3053883,4000000,0,2.31705379486084,0.660067617893219,3.3828399181365967,0.09640000015497208,17714.25390625,57.80655288696289,43.5021858215332
vast-chess-8gpu-v89-v35-progressive-int8-sgd-reuse4-plateau,42,1789863792.859722,21000,3318,10752660,43008000,3307899,4000000,0,2.309875726699829,0.6591758131980896,3.374004602432251,0.09630999714136124,17322.66015625,59.11332321166992,50.33689880371094
vast-chess-8gpu-v89-v35-progressive-int8-sgd-reuse4-plateau,43,1789863912.3222857,21500,3357,11013983,44032000,3569222,4000000,0,2.304941415786743,0.6617655754089355,3.371166467666626,0.096220001578331,17497.953125,58.5211296081543,43.073463439941406
vast-chess-8gpu-v89-v35-progressive-int8-sgd-reuse4-plateau,44,1789864035.067564,22000,3332,11270378,45056000,3825617,4000000,0,2.3012588024139404,0.6644132733345032,3.369696855545044,0.09612999856472015,17683.458984375,57.907222747802734,46.03290557861328
vast-chess-8gpu-v89-v35-progressive-int8-sgd-reuse4-plateau,45,1789864155.8690631,22500,3385,11529061,46080000,4000000,4000000,0,2.2952780723571777,0.6640058159828186,3.362513542175293,0.09604000300168991,17855.193359375,57.350257873535156,43.498416900634766
vast-chess-8gpu-v89-v35-progressive-int8-sgd-reuse4-plateau,46,1789864276.3714254,23000,3350,11782172,47104000,4000000,4000000,0,2.289036989212036,0.6677185297012329,3.3597512245178223,0.09594999998807907,17554.076171875,58.33403015136719,42.840206146240234
vast-chess-8gpu-v89-v35-progressive-int8-sgd-reuse4-plateau,47,1789864397.7817585,23500,3342,12038927,48128000,4000000,4000000,0,2.277768135070801,0.6692148447036743,3.348829746246338,0.09585999697446823,17364.50390625,58.97087860107422,45.37907409667969
vast-chess-8gpu-v89-v35-progressive-int8-sgd-reuse4-plateau,48,1789864525.3681803,24000,3354,12293946,49152000,4000000,4000000,0,2.2695696353912354,0.6717052459716797,3.3425989151000977,0.09577000141143799,17268.16796875,59.29986572265625,48.9500846862793
vast-chess-8gpu-v89-v35-progressive-int8-sgd-reuse4-plateau,49,1789864650.6124623,24500,3336,12547602,50176000,4000000,4000000,0,2.258927345275879,0.6741074323654175,3.3328752517700195,0.09567999839782715,17760.55859375,57.655845642089844,47.632659912109375
vast-chess-8gpu-v89-v35-progressive-int8-sgd-reuse4-plateau,50,1789864771.875829,25000,3216,12800613,51200000,4000000,4000000,0,2.2507402896881104,0.6761802434921265,3.3261144161224365,0.0955900028347969,17328.212890625,59.09437942504883,44.44379425048828
vast-chess-8gpu-v89-v35-progressive-int8-sgd-reuse4-plateau,51,1789864911.1008198,25500,3305,13056958,52224000,4000000,4000000,0,2.241781711578369,0.677343487739563,3.317758083343506,0.09549999982118607,17090.724609375,59.9155387878418,59.340877532958984
vast-chess-8gpu-v89-v35-progressive-int8-sgd-reuse4-plateau,52,1789865049.7972162,26000,3237,13317763,53248000,4000000,4000000,0,2.233856439590454,0.6779263019561768,3.309436082839966,0.09540999680757523,17395.326171875,58.866390228271484,60.27330780029297
vast-chess-8gpu-v89-v35-progressive-int8-sgd-reuse4-plateau,53,1789865183.755209,26500,3143,13573029,54272000,4000000,4000000,0,2.224712610244751,0.6782459616661072,3.2997336387634277,0.09532000124454498,17090.09375,59.917755126953125,53.70684814453125
vast-chess-8gpu-v89-v35-progressive-int8-sgd-reuse4-plateau,54,1789865326.2979593,27000,3110,13825160,55296000,4000000,4000000,0,2.215294122695923,0.6813527941703796,3.2923479080200195,0.09522999823093414,16773.71875,61.04787826538086,60.123023986816406
vast-chess-8gpu-v89-v35-progressive-int8-sgd-reuse4-plateau,55,1789865460.7393599,27500,3188,14082828,56320000,4000000,4000000,0,2.2062151432037354,0.6831260323524475,3.284064292907715,0.0951400026679039,17125.9140625,59.79242706298828,58.01192092895508
vast-chess-8gpu-v89-v35-progressive-int8-sgd-reuse4-plateau,56,1789865597.7745702,28000,3146,14339078,57344000,4000000,4000000,0,2.1980299949645996,0.6864646077156067,3.2784948348999023,0.09504999965429306,17119.5625,59.814613342285156,57.124202728271484
vast-chess-8gpu-v89-v35-progressive-int8-sgd-reuse4-plateau,57,1789865734.3383079,28500,3129,14595965,58368000,4000000,4000000,0,2.1908740997314453,0.6902777552604675,3.2744569778442383,0.09495999664068222,16427.34765625,62.335079193115234,54.17774963378906
vast-chess-8gpu-v89-v35-progressive-int8-sgd-reuse4-plateau,58,1789865871.624541,29000,3193,14854250,59392000,4000000,4000000,0,2.1822116374969482,0.6894547939300537,3.2640490531921387,0.09487000107765198,17225.564453125,59.446529388427734,55.82683563232422
vast-chess-8gpu-v89-v35-progressive-int8-sgd-reuse4-plateau,59,1789866005.0440123,29500,3138,15110078,60416000,4000000,4000000,0,2.1748170852661133,0.6903920769691467,3.256589412689209,0.09477999806404114,17282.818359375,59.24959182739258,56.40616226196289
vast-chess-8gpu-v89-v35-progressive-int8-sgd-reuse4-plateau,60,1789866141.8339238,30000,3111,15363651,61440000,4000000,4000000,0,2.163606882095337,0.6923882365226746,3.246845006942749,0.0946900025010109,17308.94140625,59.16017532348633,59.25010681152344
vast-chess-8gpu-v89-v35-progressive-int8-sgd-reuse4-plateau,61,1789866280.2746248,30500,3136,15620664,62464000,4000000,4000000,0,2.1573421955108643,0.6940584182739258,3.241175889968872,0.09459999948740005,17184.0546875,59.590126037597656,59.61538314819336
vast-chess-8gpu-v89-v35-progressive-int8-sgd-reuse4-plateau,62,1789866418.5929484,31000,3116,15873484,63488000,4000000,4000000,0,2.1504311561584473,0.6966716051101685,3.2358105182647705,0.09450999647378922,17260.46875,59.32631301879883,59.56839370727539
vast-chess-8gpu-v89-v35-progressive-int8-sgd-reuse4-plateau,63,1789866557.284448,31500,3183,16132895,64512000,4000000,4000000,0,2.1447834968566895,0.6970668435096741,3.229905605316162,0.09442000091075897,17212.638671875,59.49116897583008,59.81201171875
vast-chess-8gpu-v89-v35-progressive-int8-sgd-reuse4-plateau,64,1789866693.7594385,32000,3128,16389702,65536000,4000000,4000000,0,2.1369283199310303,0.6986305713653564,3.2228899002075195,0.09432999789714813,17402.759765625,58.841243743896484,57.58137893676758
vast-chess-8gpu-v89-v35-progressive-int8-sgd-reuse4-plateau,65,1789866828.650187,32500,3092,16642477,66560000,4000000,4000000,0,2.1306307315826416,0.699586808681488,3.217006206512451,0.09424000233411789,17149.666015625,59.70962142944336,54.98558807373047
vast-chess-8gpu-v89-v35-progressive-int8-sgd-reuse4-plateau,66,1789866964.3775547,33000,3122,16898446,67584000,4000000,4000000,0,2.1251347064971924,0.6994086503982544,3.210195779800415,0.09414999932050705,16699.03515625,61.32090377807617,56.9521369934082
vast-chess-8gpu-v89-v35-progressive-int8-sgd-reuse4-plateau,67,1789867102.82799,33500,3040,17152516,68608000,4000000,4000000,0,2.116619348526001,0.7037258744239807,3.2052454948425293,0.09405999630689621,17483.26171875,58.57030487060547,60.511207580566406
vast-chess-8gpu-v89-v35-progressive-int8-sgd-reuse4-plateau,68,1789867243.3824277,34000,3190,17413904,69632000,4000000,4000000,0,2.1109485626220703,0.705970823764801,3.201361656188965,0.09397000074386597,17398.00390625,58.85732650756836,61.941532135009766
vast-chess-8gpu-v89-v35-progressive-int8-sgd-reuse4-plateau,69,1789867376.6777377,34500,3005,17664376,70656000,4000000,4000000,0,2.105184316635132,0.7068800926208496,3.195739507675171,0.09387999773025513,17044.935546875,60.07649612426758,55.349937438964844
vast-chess-8gpu-v89-v35-progressive-int8-sgd-reuse4-plateau,70,1789867515.33049,35000,3125,17920880,71680000,4000000,4000000,0,2.100416421890259,0.7080564498901367,3.1918506622314453,0.09379000216722488,17063.80078125,60.010074615478516,57.476863861083984
vast-chess-8gpu-v89-v35-progressive-int8-sgd-reuse4-plateau,71,1789867652.9742756,35500,3250,18176364,72704000,4255485,6000000,0,2.0972132682800293,0.7105536460876465,3.1901333332061768,0.09369999915361404,17166.072265625,59.652549743652344,56.52743911743164
vast-chess-8gpu-v89-v35-progressive-int8-sgd-reuse4-plateau,72,1789867787.5404606,36000,3641,18433150,73728000,4512270,6000000,0,2.095050811767578,0.7105893492698669,3.188075065612793,0.0936100035905838,17529.25,58.41664505004883,57.95998764038086
vast-chess-8gpu-v89-v35-progressive-int8-sgd-reuse4-plateau,73,1789867926.0780194,36500,4015,18691076,74752000,4770195,6000000,0,2.0926969051361084,0.7111907005310059,3.1857473850250244,0.09352000057697296,17610.4140625,58.14741134643555,61.912757873535156
vast-chess-8gpu-v89-v35-progressive-int8-sgd-reuse4-plateau,74,1789868068.4308162,37000,4189,18947300,75776000,5026419,6000000,0,2.092411756515503,0.7119367718696594,3.186210870742798,0.09342999756336212,17577.595703125,58.255977630615234,62.51882553100586
vast-chess-8gpu-v89-v35-progressive-int8-sgd-reuse4-plateau,75,1789868220.6959627,37500,4390,19202664,76800000,5281784,6000000,0,2.0893306732177734,0.7120442986488342,3.182481288909912,0.09334000200033188,17290.41015625,59.22357940673828,68.81851196289062
vast-chess-8gpu-v89-v35-progressive-int8-sgd-reuse4-plateau,76,1789868366.757866,38000,4288,19461272,77824000,5540393,6000000,0,2.085312604904175,0.7148780822753906,3.180960178375244,0.09324999898672104,17343.421875,59.04255676269531,64.91363525390625
vast-chess-8gpu-v89-v35-progressive-int8-sgd-reuse4-plateau,77,1789868508.118138,38500,4526,19716816,78848000,5795936,6000000,0,2.084697961807251,0.7162946462631226,3.1817374229431152,0.0931600034236908,17456.93359375,58.65864181518555,64.40013122558594
vast-chess-8gpu-v89-v35-progressive-int8-sgd-reuse4-plateau,78,1789868657.4435146,39000,4374,19972624,79872000,6000000,6000000,0,2.0815176963806152,0.7174636721611023,3.1791210174560547,0.09307000041007996,17943.431640625,57.0682373046875,71.40071868896484
vast-chess-8gpu-v89-v35-progressive-int8-sgd-reuse4-plateau,79,1789868807.8868773,39500,4715,20226336,80896000,6000000,6000000,0,2.077850818634033,0.7189753651618958,3.1770005226135254,0.09297999739646912,17632.283203125,58.075294494628906,69.25759887695312
vast-chess-8gpu-v89-v35-progressive-int8-sgd-reuse4-plateau,80,1789868956.1468654,40000,4780,20480616,81920000,6000000,6000000,0,2.0722804069519043,0.7232251167297363,3.175009250640869,0.09289000183343887,17664.0,57.97101593017578,70.2095947265625
vast-chess-8gpu-v89-v35-progressive-int8-sgd-reuse4-plateau,81,1789869119.4792843,40500,5085,20740720,82944000,6000000,6000000,0,2.0693349838256836,0.7260860204696655,3.1747488975524902,0.09279999881982803,17772.646484375,57.61662673950195,86.53900146484375
vast-chess-8gpu-v89-v35-progressive-int8-sgd-reuse4-plateau,82,1789869278.6124585,41000,4752,20992984,83968000,6000000,6000000,0,2.0658485889434814,0.7271000146865845,3.171952724456787,0.09271000325679779,17576.291015625,58.26030349731445,79.48665618896484
vast-chess-8gpu-v89-v35-progressive-int8-sgd-reuse4-plateau,83,1789869432.5011737,41500,4579,21249448,84992000,6000000,6000000,0,2.0594942569732666,0.7320672273635864,3.1705095767974854,0.09262000024318695,17208.5078125,59.50545120239258,75.87001037597656
vast-chess-8gpu-v89-v35-progressive-int8-sgd-reuse4-plateau,84,1789869586.0024965,42000,4671,21507668,86016000,6000000,6000000,0,2.053344249725342,0.7362191081047058,3.1676738262176514,0.09252999722957611,17955.4453125,57.030052185058594,75.75369262695312
vast-chess-8gpu-v89-v35-progressive-int8-sgd-reuse4-plateau,85,1789869734.7257185,42500,4525,21762378,87040000,6000000,6000000,0,2.0482640266418457,0.7389252185821533,3.1653170585632324,0.09244000166654587,17629.61328125,58.08408737182617,73.11144256591797
vast-chess-8gpu-v89-v35-progressive-int8-sgd-reuse4-plateau,86,1789869884.4007134,43000,4396,22018754,88064000,6000000,6000000,0,2.043236017227173,0.74378502368927,3.1645188331604004,0.09234999865293503,17824.66015625,57.44850158691406,72.2010269165039
vast-chess-8gpu-v89-v35-progressive-int8-sgd-reuse4-plateau,87,1789870038.5412853,43500,4483,22273496,89088000,6000000,6000000,0,2.0372390747070312,0.7495700120925903,3.1638216972351074,0.09226000308990479,17591.072265625,58.21134948730469,72.47576141357422
vast-chess-8gpu-v89-v35-progressive-int8-sgd-reuse4-plateau,88,1789870192.0314176,44000,4695,22529172,90112000,6000000,6000000,0,2.0322985649108887,0.7538083791732788,3.16292405128479,0.09217000007629395,17330.451171875,59.08674621582031,71.82138061523438
vast-chess-8gpu-v89-v35-progressive-int8-sgd-reuse4-plateau,89,1789870346.5238788,44500,4635,22787766,91136000,6000000,6000000,0,2.0258238315582275,0.7571231126785278,3.159285545349121,0.0920799970626831,17567.5859375,58.28916931152344,75.76557922363281
vast-chess-8gpu-v89-v35-progressive-int8-sgd-reuse4-plateau,90,1789870496.8421276,45000,4524,23042092,92160000,6000000,6000000,0,2.01993465423584,0.7615401148796082,3.157514810562134,0.09199000149965286,17472.62109375,58.60597610473633,71.85107421875
vast-chess-8gpu-v89-v35-progressive-int8-sgd-reuse4-plateau,91,1789870666.9270322,45500,4559,23301444,93184000,6000000,6000000,0,2.0125997066497803,0.7653883099555969,3.1534054279327393,0.09189999848604202,17188.482421875,59.57477569580078,88.96636199951172
vast-chess-8gpu-v89-v35-progressive-int8-sgd-reuse4-plateau,92,1789870835.7796059,46000,4487,23556912,94208000,6000000,6000000,0,2.0063111782073975,0.768915057182312,3.1502559185028076,0.09181000292301178,17263.37890625,59.316314697265625,87.0833740234375
vast-chess-8gpu-v89-v35-progressive-int8-sgd-reuse4-plateau,93,1789871007.659286,46500,4356,23811454,95232000,6000000,6000000,0,2.0034661293029785,0.7730485796928406,3.1511471271514893,0.09171999990940094,17506.146484375,58.49374008178711,92.97664642333984
vast-chess-8gpu-v89-v35-progressive-int8-sgd-reuse4-plateau,94,1789871169.4211607,47000,4412,24069180,96256000,6000000,6000000,0,1.996431827545166,0.7752739787101746,3.145782947540283,0.0916299968957901,17576.234375,58.2604866027832,81.86589050292969
vast-chess-8gpu-v89-v35-progressive-int8-sgd-reuse4-plateau,95,1789871339.4234316,47500,4434,24320636,97280000,6000000,6000000,0,1.991235375404358,0.7793754935264587,3.1443777084350586,0.09154000133275986,17193.873046875,59.556095123291016,87.8289794921875
vast-chess-8gpu-v89-v35-progressive-int8-sgd-reuse4-plateau,96,1789871507.9766226,48000,4557,24577940,98304000,6000000,6000000,0,1.9844170808792114,0.7831307053565979,3.140977382659912,0.09144999831914902,17280.41796875,59.2578239440918,88.84428405761719
vast-chess-8gpu-v89-v35-progressive-int8-sgd-reuse4-plateau,97,1789871682.7552855,48500,4286,24832892,99328000,6000000,6000000,0,1.9779385328292847,0.7876667976379395,3.1383471488952637,0.09136000275611877,17233.765625,59.41823959350586,92.15632629394531
vast-chess-8gpu-v89-v35-progressive-int8-sgd-reuse4-plateau,98,1789871853.9955552,49000,4487,25091152,100352000,6000000,6000000,0,1.97398841381073,0.7916491031646729,3.1382105350494385,0.09126999974250793,17289.564453125,59.22647476196289,89.60900115966797
vast-chess-8gpu-v89-v35-progressive-int8-sgd-reuse4-plateau,99,1789872027.7857928,49500,4499,25348904,101376000,6000000,6000000,0,1.9690279960632324,0.7953147888183594,3.13623046875,0.0911799967288971,17455.63671875,58.66299819946289,94.95378112792969
vast-chess-8gpu-v89-v35-progressive-int8-sgd-reuse4-plateau,100,1789872196.874839,50000,4236,25603314,102400000,6000000,6000000,0,1.9633705615997314,0.7999697327613831,3.134542226791382,0.09109000116586685,17170.865234375,59.635902404785156,90.45792388916016
vast-chess-8gpu-v89-v35-progressive-int8-sgd-reuse4-plateau,101,1789872363.9439404,50500,4471,25860264,103424000,6256951,8000000,0,1.9613150358200073,0.7999424338340759,3.1323821544647217,0.09099999815225601,17268.96484375,59.29712677001953,87.42578887939453
vast-chess-8gpu-v89-v35-progressive-int8-sgd-reuse4-plateau,102,1789872539.6601758,51000,4308,26115996,104448000,6512683,8000000,0,1.9591917991638184,0.8025313019752502,3.1323423385620117,0.09091000258922577,17626.404296875,58.09465789794922,97.38699340820312
vast-chess-8gpu-v89-v35-progressive-int8-sgd-reuse4-plateau,103,1789872705.3491802,51500,4186,26369200,105472000,6765887,8000000,0,1.956531286239624,0.8043996095657349,3.131459951400757,0.09081999957561493,17232.3203125,59.423221588134766,85.63487243652344
vast-chess-8gpu-v89-v35-progressive-int8-sgd-reuse4-plateau,104,1789872876.1327143,52000,4225,26625906,106496000,7022592,8000000,0,1.9570246934890747,0.8048220872879028,3.1318347454071045,0.09072999656200409,17506.1953125,58.49357986450195,89.03739166259766
vast-chess-8gpu-v89-v35-progressive-int8-sgd-reuse4-plateau,105,1789873044.4482787,52500,4233,26882500,107520000,7279187,8000000,0,1.9528677463531494,0.8060522675514221,3.1286237239837646,0.09064000099897385,17377.736328125,58.92597198486328,88.17377471923828
vast-chess-8gpu-v89-v35-progressive-int8-sgd-reuse4-plateau,106,1789873208.029157,53000,4172,27136936,108544000,7533623,8000000,0,1.9551866054534912,0.807601809501648,3.1322193145751953,0.090549997985363,17364.681640625,58.970272064208984,86.01309204101562
vast-chess-8gpu-v89-v35-progressive-int8-sgd-reuse4-plateau,107,1789873381.249538,53500,4305,27397022,109568000,7793708,8000000,0,1.951603889465332,0.8092685341835022,3.1300086975097656,0.09046000242233276,17206.326171875,59.512996673583984,90.7762451171875
vast-chess-8gpu-v89-v35-progressive-int8-sgd-reuse4-plateau,108,1789873545.214964,54000,4111,27650676,110592000,8000000,8000000,0,1.9500364065170288,0.810961902141571,3.129625082015991,0.09036999940872192,17707.673828125,57.828033447265625,84.89027404785156
vast-chess-8gpu-v89-v35-progressive-int8-sgd-reuse4-plateau,109,1789873709.6369207,54500,4257,27905216,111616000,8000000,8000000,0,1.9463245868682861,0.8141486048698425,3.128829002380371,0.09027999639511108,16951.416015625,60.40793228149414,82.9561538696289
vast-chess-8gpu-v89-v35-progressive-int8-sgd-reuse4-plateau,110,1789873875.4352171,55000,4157,28163670,112640000,8000000,8000000,0,1.9441219568252563,0.8169262409210205,3.1285762786865234,0.09019000083208084,17604.44921875,58.1671142578125,84.47254943847656
vast-chess-8gpu-v89-v35-progressive-int8-sgd-reuse4-plateau,111,1789874055.202563,55500,4421,28416712,113664000,8000000,8000000,0,1.9413000345230103,0.8181676864624023,3.126851797103882,0.09009999781847,16718.33203125,61.25012969970703,98.46137237548828
vast-chess-8gpu-v89-v35-progressive-int8-sgd-reuse4-plateau,112,1789874229.5123658,56000,4366,28674652,114688000,8000000,8000000,0,1.9378386735916138,0.8192949891090393,3.124117136001587,0.09001000225543976,17265.927734375,59.307559967041016,93.0201416015625
vast-chess-8gpu-v89-v35-progressive-int8-sgd-reuse4-plateau,113,1789874392.64659,56500,4305,28928640,115712000,8000000,8000000,0,1.936755895614624,0.8209402561187744,3.1245574951171875,0.08991999924182892,17166.673828125,59.65045928955078,81.15973663330078
vast-chess-8gpu-v89-v35-progressive-int8-sgd-reuse4-plateau,114,1789874554.933436,57000,4323,29184400,116736000,8000000,8000000,0,1.932453989982605,0.8230727314949036,3.1218960285186768,0.08983000367879868,17345.091796875,59.0368766784668,80.46100616455078
vast-chess-8gpu-v89-v35-progressive-int8-sgd-reuse4-plateau,115,1789874718.3836477,57500,4518,29444728,117760000,8000000,8000000,0,1.9324336051940918,0.8246126770973206,3.1229095458984375,0.08974000066518784,17186.875,59.58034896850586,81.30738067626953
vast-chess-8gpu-v89-v35-progressive-int8-sgd-reuse4-plateau,116,1789874893.5635383,58000,4380,29700166,118784000,8000000,8000000,0,1.9283068180084229,0.8265364170074463,3.120156764984131,0.089649997651577,17000.55859375,60.233314514160156,92.50757598876953
vast-chess-8gpu-v89-v35-progressive-int8-sgd-reuse4-plateau,117,1789875059.810797,58500,4239,29954092,119808000,8000000,8000000,0,1.9266120195388794,0.8263283967971802,3.118180990219116,0.08956000208854675,16996.69140625,60.24702072143555,83.8121566772461
vast-chess-8gpu-v89-v35-progressive-int8-sgd-reuse4-plateau,118,1789875220.733095,59000,4336,30213386,120832000,8000000,8000000,0,1.924214482307434,0.826114296913147,3.1153182983398438,0.08946999907493591,17095.15234375,59.9000244140625,78.84005737304688
vast-chess-8gpu-v89-v35-progressive-int8-sgd-reuse4-plateau,119,1789875391.7481248,59500,4073,30465432,121856000,8000000,8000000,0,1.9223902225494385,0.8270667195320129,3.1138193607330322,0.08938000351190567,17181.47265625,59.59907913208008,87.78983306884766
vast-chess-8gpu-v89-v35-progressive-int8-sgd-reuse4-plateau,120,1789875566.792198,60000,4178,30720388,122880000,8000000,8000000,0,1.9228764772415161,0.8272851705551147,3.1144447326660156,0.08929000049829483,16832.876953125,60.833335876464844,92.2790756225586
vast-chess-8gpu-v89-v35-progressive-int8-sgd-reuse4-plateau,121,1789875736.806834,60500,4230,30977908,123904000,8000000,8000000,0,1.9197325706481934,0.8268467783927917,3.110757350921631,0.08919999748468399,17160.2734375,59.67271041870117,87.51909637451172
vast-chess-8gpu-v89-v35-progressive-int8-sgd-reuse4-plateau,122,1789875899.9756756,61000,4048,31238384,124928000,8000000,8000000,0,1.919777750968933,0.8281253576278687,3.1118323802948,0.08911000192165375,17573.2421875,58.27041244506836,82.84207153320312
vast-chess-8gpu-v89-v35-progressive-int8-sgd-reuse4-plateau,123,1789876066.30982,61500,4170,31490304,125952000,8000000,8000000,0,1.9186497926712036,0.8273261189460754,3.1094565391540527,0.08901999890804291,17352.2265625,59.01259994506836,84.83967590332031
vast-chess-8gpu-v89-v35-progressive-int8-sgd-reuse4-plateau,124,1789876244.9240925,62000,4162,31748780,126976000,8000000,8000000,0,1.916303277015686,0.8280436992645264,3.1076948642730713,0.08893000334501266,16965.2890625,60.35853576660156,95.43057250976562
vast-chess-8gpu-v89-v35-progressive-int8-sgd-reuse4-plateau,125,1789876408.1683257,62500,3893,32000490,128000000,8000000,8000000,0,1.9142413139343262,0.8288058638572693,3.1060845851898193,0.08884000033140182,17116.908203125,59.82388687133789,79.90670776367188
vast-chess-8gpu-v89-v35-progressive-int8-sgd-reuse4-plateau,126,1789876580.1764665,63000,3990,32260986,129024000,8000000,8000000,0,1.9131050109863281,0.8284443616867065,3.104036331176758,0.08874999731779099,16344.7470703125,62.65009689331055,87.97622680664062
vast-chess-8gpu-v89-v35-progressive-int8-sgd-reuse4-plateau,127,1789876748.623532,63500,3858,32515136,130048000,8000000,8000000,0,1.9122602939605713,0.8266199827194214,3.1013567447662354,0.08866000175476074,17177.16796875,59.61402130126953,87.21341705322266
vast-chess-8gpu-v89-v35-progressive-int8-sgd-reuse4-plateau,128,1789876911.283934,64000,3743,32768612,131072000,8000000,8000000,0,1.9125977754592896,0.8251573443412781,3.1000561714172363,0.0885699987411499,17179.14453125,59.60716247558594,80.4218521118164
vast-chess-8gpu-v89-v35-progressive-int8-sgd-reuse4-plateau,129,1789877075.0648608,64500,3899,33026108,132096000,8000000,8000000,0,1.9123677015304565,0.8252402544021606,3.0998880863189697,0.08848000317811966,17513.033203125,58.47073745727539,84.00569152832031
vast-chess-8gpu-v89-v35-progressive-int8-sgd-reuse4-plateau,130,1789877242.8128712,65000,4013,33281952,133120000,8000000,8000000,0,1.9105136394500732,0.825326144695282,3.097999334335327,0.08839000016450882,17413.556640625,58.80475997924805,85.17977905273438
vast-chess-8gpu-v89-v35-progressive-int8-sgd-reuse4-plateau,131,1789877412.3622248,65500,4043,33536922,134144000,8000000,8000000,0,1.9083216190338135,0.824329674243927,3.094374179840088,0.08829999715089798,17345.14453125,59.03669357299805,85.49282836914062
vast-chess-8gpu-v89-v35-progressive-int8-sgd-reuse4-plateau,132,1789877572.0164948,66000,4145,33792752,135168000,8000000,8000000,0,1.908305048942566,0.8242661952972412,3.093935251235962,0.08821000158786774,17596.8203125,58.19232940673828,80.2452392578125
vast-chess-8gpu-v89-v35-progressive-int8-sgd-reuse4-plateau,133,1789877752.2719285,66500,4221,34051000,136192000,8000000,8000000,0,1.907636284828186,0.8221138715744019,3.090935707092285,0.0881199985742569,16607.53125,61.65877151489258,96.06468200683594
vast-chess-8gpu-v89-v35-progressive-int8-sgd-reuse4-plateau,134,1789877911.728433,67000,4064,34304476,137216000,8000000,8000000,0,1.9067721366882324,0.820014476776123,3.087735414505005,0.08803000301122665,16987.513671875,60.279571533203125,79.06266021728516
vast-chess-8gpu-v89-v35-progressive-int8-sgd-reuse4-plateau,135,1789878088.954084,67500,4067,34561252,138240000,8000000,8000000,0,1.907161831855774,0.819658637046814,3.087653875350952,0.08793999999761581,16894.822265625,60.610286712646484,93.50070190429688
vast-chess-8gpu-v89-v35-progressive-int8-sgd-reuse4-plateau,136,1789878258.4968445,68000,3992,34820644,139264000,8000000,8000000,0,1.9052984714508057,0.8186243772506714,3.085099220275879,0.08784999698400497,17057.974609375,60.03057098388672,89.97926330566406
vast-chess-8gpu-v89-v35-progressive-int8-sgd-reuse4-plateau,137,1789878420.5497727,68500,4183,35073588,140288000,8000000,8000000,0,1.9055607318878174,0.8175157308578491,3.083616256713867,0.08776000142097473,17156.83984375,59.684654235839844,79.46768188476562
vast-chess-8gpu-v89-v35-progressive-int8-sgd-reuse4-plateau,138,1789878587.591299,69000,4047,35329056,141312000,8000000,8000000,0,1.905185341835022,0.815984308719635,3.0815834999084473,0.08766999840736389,16981.521484375,60.30083465576172,87.68325805664062
vast-chess-8gpu-v89-v35-progressive-int8-sgd-reuse4-plateau,139,1789878760.1186965,69500,4091,35587380,142336000,8000000,8000000,0,1.9052507877349854,0.8160768151283264,3.08178973197937,0.08758000284433365,16982.509765625,60.29732894897461,93.54397583007812
vast-chess-8gpu-v89-v35-progressive-int8-sgd-reuse4-plateau,140,1789878929.7232194,70000,4136,35845304,143360000,8000000,8000000,0,1.904145359992981,0.8153005838394165,3.0796732902526855,0.08748999983072281,16630.720703125,61.57279586791992,87.6137924194336
vast-chess-8gpu-v89-v35-progressive-int8-sgd-reuse4-plateau,141,1789879117.3479345,70500,4060,36097120,144384000,8000000,8000000,0,1.9049690961837769,0.8130975961685181,3.0779378414154053,0.08739999681711197,17220.96875,59.46239471435547,105.53547668457031
vast-chess-8gpu-v89-v35-progressive-int8-sgd-reuse4-plateau,142,1789879283.359859,71000,4168,36354116,145408000,8000000,8000000,0,1.9042158126831055,0.8108718991279602,3.0751707553863525,0.08731000125408173,17174.720703125,59.62251281738281,88.8348159790039
vast-chess-8gpu-v89-v35-progressive-int8-sgd-reuse4-plateau,143,1789879455.715703,71500,4059,36611256,146432000,8000000,8000000,0,1.902921199798584,0.8101913928985596,3.072903633117676,0.08721999824047089,17535.091796875,58.39718246459961,90.6582260131836
vast-chess-8gpu-v89-v35-progressive-int8-sgd-reuse4-plateau,144,1789879619.434207,72000,3833,36867528,147456000,8000000,8000000,0,1.9037162065505981,0.810074508190155,3.0735113620758057,0.08713000267744064,17378.5703125,58.92314529418945,83.24463653564453
vast-chess-8gpu-v89-v35-progressive-int8-sgd-reuse4-plateau,145,1789879788.6427634,72500,3934,37125036,148480000,8000000,8000000,0,1.90208101272583,0.8082762956619263,3.0701823234558105,0.0870399996638298,17150.6875,59.70606231689453,86.31781005859375
vast-chess-8gpu-v89-v35-progressive-int8-sgd-reuse4-plateau,146,1789879948.739591,73000,4063,37379648,149504000,8000000,8000000,0,1.902516484260559,0.8074181079864502,3.0695362091064453,0.08694999665021896,17025.619140625,60.144657135009766,78.50031280517578
vast-chess-8gpu-v89-v35-progressive-int8-sgd-reuse4-plateau,147,1789880121.5610025,73500,3978,37635184,150528000,8000000,8000000,0,1.9023631811141968,0.8068625330924988,3.0688631534576416,0.08686000108718872,16906.767578125,60.56745910644531,90.42816162109375
vast-chess-8gpu-v89-v35-progressive-int8-sgd-reuse4-plateau,148,1789880295.0673885,74000,4001,37891784,151552000,8000000,8000000,0,1.9032182693481445,0.8045775890350342,3.0671775341033936,0.08676999807357788,17387.892578125,58.89155578613281,90.79776763916016
vast-chess-8gpu-v89-v35-progressive-int8-sgd-reuse4-plateau,149,1789880456.9447393,74500,4066,38145072,152576000,8000000,8000000,0,1.9051148891448975,0.8049870729446411,3.069913625717163,0.08668000251054764,17507.37890625,58.489627838134766,82.53077697753906
vast-chess-8gpu-v89-v35-progressive-int8-sgd-reuse4-plateau,150,1789880628.7744935,75000,4186,38406176,153600000,8000000,8000000,0,1.9034643173217773,0.8028365969657898,3.0656747817993164,0.0865899994969368,17570.099609375,58.28083038330078,88.81010437011719
vast-chess-8gpu-v89-v35-progressive-int8-sgd-reuse4-plateau,151,1789880792.6101923,75500,4286,38658240,154624000,8000000,8000000,0,1.905263066291809,0.8017494678497314,3.0665395259857178,0.08649999648332596,17299.29296875,59.19316864013672,83.9649887084961
vast-chess-8gpu-v89-v35-progressive-int8-sgd-reuse4-plateau,152,1789880971.8318279,76000,4180,38915312,155648000,8000000,8000000,0,1.9043232202529907,0.801409900188446,3.0650696754455566,0.08641000092029572,16656.158203125,61.478763580322266,97.57475280761719
vast-chess-8gpu-v89-v35-progressive-int8-sgd-reuse4-plateau,153,1789881136.6966958,76500,4067,39171700,156672000,8000000,8000000,0,1.905012607574463,0.8007356524467468,3.065208673477173,0.08631999790668488,17759.892578125,57.65800476074219,85.05254364013672
vast-chess-8gpu-v89-v35-progressive-int8-sgd-reuse4-plateau,154,1789881304.552916,77000,4079,39429136,157696000,8000000,8000000,0,1.9044948816299438,0.8006813526153564,3.064619302749634,0.08623000234365463,17086.921875,59.928871154785156,84.45452117919922
vast-chess-8gpu-v89-v35-progressive-int8-sgd-reuse4-plateau,155,1789881472.5322719,77500,4087,39682060,158720000,8000000,8000000,0,1.9047818183898926,0.7997181415557861,3.0637617111206055,0.08613999933004379,16636.19140625,61.55255126953125,85.13558959960938
vast-chess-8gpu-v89-v35-progressive-int8-sgd-reuse4-plateau,156,1789881639.1436384,78000,4149,39937336,159744000,8000000,8000000,0,1.9049491882324219,0.8002417683601379,3.0647337436676025,0.08604999631643295,17352.955078125,59.0101203918457,87.83546447753906
vast-chess-8gpu-v89-v35-progressive-int8-sgd-reuse4-plateau,157,1789881819.1908247,78500,4170,40196908,160768000,8000000,8000000,0,1.9043241739273071,0.8006492257118225,3.064243793487549,0.08596000075340271,17282.615234375,59.25028991699219,100.66641998291016
vast-chess-8gpu-v89-v35-progressive-int8-sgd-reuse4-plateau,158,1789881989.6250312,79000,4052,40453152,161792000,8000000,8000000,0,1.9066938161849976,0.8010864853858948,3.067302942276001,0.08586999773979187,16950.21875,60.412200927734375,90.98219299316406
vast-chess-8gpu-v89-v35-progressive-int8-sgd-reuse4-plateau,159,1789882156.1789148,79500,3925,40709232,162816000,8000000,8000000,0,1.9045065641403198,0.802019476890564,3.0660054683685303,0.08578000217676163,17471.0859375,58.611122131347656,83.13485717773438
vast-chess-8gpu-v89-v35-progressive-int8-sgd-reuse4-plateau,160,1789882312.8365724,80000,3904,40965416,163840000,8000000,8000000,0,1.9049568176269531,0.8021953701972961,3.066274642944336,0.08568999916315079,17254.044921875,59.34840393066406,74.26815795898438
vast-chess-8gpu-v89-v35-progressive-int8-sgd-reuse4-plateau,161,1789882485.156006,80500,3998,41220080,164864000,8000000,8000000,0,1.9038760662078857,0.8030651211738586,3.0660133361816406,0.08560000360012054,17250.98046875,59.35894775390625,91.49330139160156
vast-chess-8gpu-v89-v35-progressive-int8-sgd-reuse4-plateau,162,1789882653.2574239,81000,3890,41473672,165888000,8000000,8000000,0,1.904933214187622,0.8035240173339844,3.0673282146453857,0.0855100005865097,16979.431640625,60.30826187133789,81.78620147705078
vast-chess-8gpu-v89-v35-progressive-int8-sgd-reuse4-plateau,163,1789882802.4365897,81500,4232,41728184,166912000,8000000,8000000,0,1.903832197189331,0.8038395643234253,3.066842555999756,0.08541999757289886,17361.1640625,58.98221969604492,72.26813507080078
vast-chess-8gpu-v89-v35-progressive-int8-sgd-reuse4-plateau,164,1789882981.1231449,82000,4147,41988216,167936000,8000000,8000000,0,1.9060616493225098,0.8036872148513794,3.0687918663024902,0.08533000200986862,17187.990234375,59.57648468017578,100.6089096069336
vast-chess-8gpu-v89-v35-progressive-int8-sgd-reuse4-plateau,165,1789883145.4351587,82500,4370,42241516,168960000,8000000,8000000,0,1.9053149223327637,0.8041080236434937,3.068659782409668,0.08523999899625778,17455.59375,58.66314697265625,84.70439910888672
vast-chess-8gpu-v89-v35-progressive-int8-sgd-reuse4-plateau,166,1789883328.4282348,83000,4258,42498068,169984000,8000000,8000000,0,1.9051275253295898,0.8043088912963867,3.0685811042785645,0.08515000343322754,17469.439453125,58.61664962768555,102.09228515625
vast-chess-8gpu-v89-v35-progressive-int8-sgd-reuse4-plateau,167,1789883498.8202653,83500,4102,42753868,171008000,8000000,8000000,0,1.9047110080718994,0.8026965260505676,3.066147565841675,0.0850600004196167,16965.890625,60.35639190673828,86.36932373046875
vast-chess-8gpu-v89-v35-progressive-int8-sgd-reuse4-plateau,168,1789883664.0320668,84000,4276,43010744,172032000,8000000,8000000,0,1.9046697616577148,0.8039957284927368,3.067636489868164,0.08496999740600586,17279.84765625,59.25978088378906,84.81330871582031
vast-chess-8gpu-v89-v35-progressive-int8-sgd-reuse4-plateau,169,1789883836.6584446,84500,4295,43265860,173056000,8000000,8000000,0,1.9047939777374268,0.8050687313079834,3.068575382232666,0.08488000184297562,16695.189453125,61.33503341674805,87.76732635498047
vast-chess-8gpu-v89-v35-progressive-int8-sgd-reuse4-plateau,170,1789884009.6769814,85000,4089,43520480,174080000,8000000,8000000,0,1.905826449394226,0.803667426109314,3.0682950019836426,0.08478999882936478,17092.455078125,59.90947341918945,91.13710021972656
vast-chess-8gpu-v89-v35-progressive-int8-sgd-reuse4-plateau,171,1789884180.7599726,85500,4235,43778840,175104000,8000000,8000000,0,1.9042189121246338,0.804407000541687,3.067680835723877,0.08470000326633453,17410.205078125,58.81608200073242,89.06415557861328
vast-chess-8gpu-v89-v35-progressive-int8-sgd-reuse4-plateau,172,1789884351.5298932,86000,4079,44037500,176128000,8000000,8000000,0,1.9044394493103027,0.8041556477546692,3.067427158355713,0.0846100002527237,17549.822265625,58.34817123413086,89.8290023803711
vast-chess-8gpu-v89-v35-progressive-int8-sgd-reuse4-plateau,173,1789884517.7351766,86500,3823,44292576,177152000,8000000,8000000,0,1.9045522212982178,0.8073076009750366,3.070582151412964,0.08451999723911285,16855.501953125,60.75167465209961,85.65846252441406
vast-chess-8gpu-v89-v35-progressive-int8-sgd-reuse4-plateau,174,1789884680.7495253,87000,3759,44548260,178176000,8000000,8000000,0,1.9049862623214722,0.8093852996826172,3.072833776473999,0.08443000167608261,17211.01953125,59.49676513671875,82.7864761352539
vast-chess-8gpu-v89-v35-progressive-int8-sgd-reuse4-plateau,175,1789884839.8171449,87500,3719,44802244,179200000,8000000,8000000,0,1.9050076007843018,0.808684766292572,3.072265625,0.08433999866247177,17370.283203125,58.951255798339844,77.32573699951172
vast-chess-8gpu-v89-v35-progressive-int8-sgd-reuse4-plateau,176,1789885015.2088883,88000,4030,45060908,180224000,8000000,8000000,0,1.9043664932250977,0.8099029660224915,3.0725862979888916,0.08425000309944153,17250.021484375,59.362247467041016,96.11978912353516
vast-chess-8gpu-v89-v35-progressive-int8-sgd-reuse4-plateau,177,1789885179.3470051,88500,4024,45318584,181248000,8000000,8000000,0,1.9042257070541382,0.8102306127548218,3.0729470252990723,0.08416000008583069,17443.5078125,58.70378875732422,84.23921203613281
vast-chess-8gpu-v89-v35-progressive-int8-sgd-reuse4-plateau,178,1789885339.6495957,89000,3842,45569120,182272000,8000000,8000000,0,1.9051092863082886,0.8092809319496155,3.072596311569214,0.08406999707221985,17247.650390625,59.37040328979492,81.03707122802734
vast-chess-8gpu-v89-v35-progressive-int8-sgd-reuse4-plateau,179,1789885516.9681811,89500,4056,45827588,183296000,8000000,8000000,0,1.9031283855438232,0.8099761009216309,3.071552038192749,0.0839800015091896,17208.87890625,59.50416946411133,91.64324188232422
vast-chess-8gpu-v89-v35-progressive-int8-sgd-reuse4-plateau,180,1789885676.0542998,90000,4103,46080736,184320000,8000000,8000000,0,1.903015375137329,0.8087725639343262,3.069911479949951,0.08388999849557877,17401.32421875,58.846099853515625,78.75894927978516
vast-chess-8gpu-v89-v35-progressive-int8-sgd-reuse4-plateau,181,1789885849.063015,90500,4195,46339580,185344000,8000000,8000000,0,1.9027594327926636,0.8100174069404602,3.0708847045898438,0.08380000293254852,17145.25,59.724998474121094,91.96680450439453
vast-chess-8gpu-v89-v35-progressive-int8-sgd-reuse4-plateau,182,1789886022.0889416,91000,4077,46597904,186368000,8000000,8000000,0,1.9033945798873901,0.8115994334220886,3.073007822036743,0.08370999991893768,17174.0078125,59.6249885559082,89.60987091064453
vast-chess-8gpu-v89-v35-progressive-int8-sgd-reuse4-plateau,183,1789886196.650692,91500,3875,46849640,187392000,8000000,8000000,0,1.903705358505249,0.8107147216796875,3.0723769664764404,0.08361999690532684,16893.33984375,60.615604400634766,93.17196655273438
vast-chess-8gpu-v89-v35-progressive-int8-sgd-reuse4-plateau,184,1789886359.067636,92000,4169,47111104,188416000,8000000,8000000,0,1.9013944864273071,0.8115129470825195,3.0707473754882812,0.0835300013422966,17477.79296875,58.5886344909668,82.26004028320312
vast-chess-8gpu-v89-v35-progressive-int8-sgd-reuse4-plateau,185,1789886524.204359,92500,3883,47364452,189440000,8000000,8000000,0,1.9024173021316528,0.8105047941207886,3.070547580718994,0.08343999832868576,17229.5859375,59.432655334472656,82.18254089355469
vast-chess-8gpu-v89-v35-progressive-int8-sgd-reuse4-plateau,186,1789886691.5286288,93000,4039,47616480,190464000,8000000,8000000,0,1.9003300666809082,0.8100290298461914,3.067795991897583,0.08335000276565552,17349.892578125,59.02054214477539,85.55679321289062
vast-chess-8gpu-v89-v35-progressive-int8-sgd-reuse4-plateau,187,1789886865.0805016,93500,3760,47873120,191488000,8000000,8000000,0,1.9014670848846436,0.8106075525283813,3.06966495513916,0.08325999975204468,17339.8671875,59.05466079711914,92.33121490478516
vast-chess-8gpu-v89-v35-progressive-int8-sgd-reuse4-plateau,188,1789887020.1340556,94000,4086,48129208,192512000,8000000,8000000,0,1.902821660041809,0.8083588480949402,3.068857192993164,0.08316999673843384,16975.408203125,60.32255554199219,72.76319885253906
vast-chess-8gpu-v89-v35-progressive-int8-sgd-reuse4-plateau,189,1789887193.8626533,94500,3980,48388328,193536000,8000000,8000000,0,1.900618076324463,0.8078974485397339,3.0659849643707275,0.0830800011754036,16939.236328125,60.45137023925781,93.03289794921875
vast-chess-8gpu-v89-v35-progressive-int8-sgd-reuse4-plateau,190,1789887367.0791416,95000,4070,48645520,194560000,8000000,8000000,0,1.9006174802780151,0.8075112700462341,3.0656790733337402,0.08298999816179276,16681.798828125,61.38426971435547,90.86640167236328
vast-chess-8gpu-v89-v35-progressive-int8-sgd-reuse4-plateau,191,1789887531.4329875,95500,3770,48898248,195584000,8000000,8000000,0,1.9002436399459839,0.8072133660316467,3.064772844314575,0.08290000259876251,17246.267578125,59.37516403198242,85.68437957763672
vast-chess-8gpu-v89-v35-progressive-int8-sgd-reuse4-plateau,192,1789887706.8637087,96000,3969,49153848,196608000,8000000,8000000,0,1.9012068510055542,0.8052722215652466,3.0637619495391846,0.08280999958515167,17018.830078125,60.168643951416016,93.4517822265625
vast-chess-8gpu-v89-v35-progressive-int8-sgd-reuse4-plateau,193,1789887873.9924457,96500,4053,49413700,197632000,8000000,8000000,0,1.9017363786697388,0.8044019937515259,3.0636050701141357,0.08271999657154083,16882.8984375,60.65309143066406,85.79743957519531
vast-chess-8gpu-v89-v35-progressive-int8-sgd-reuse4-plateau,194,1789888040.090422,97000,3969,49670760,198656000,8000000,8000000,0,1.9016557931900024,0.8038486838340759,3.0628926753997803,0.08263000100851059,16923.384765625,60.50798797607422,85.58797454833984
vast-chess-8gpu-v89-v35-progressive-int8-sgd-reuse4-plateau,195,1789888210.7466302,97500,4193,49922508,199680000,8000000,8000000,0,1.900687336921692,0.8026371002197266,3.0607283115386963,0.08253999799489975,17141.671875,59.73746109008789,86.75862121582031
vast-chess-8gpu-v89-v35-progressive-int8-sgd-reuse4-plateau,196,1789888378.8128657,98000,4078,50180812,200704000,8000000,8000000,0,1.8993793725967407,0.8040691018104553,3.060497760772705,0.0824500024318695,16886.421875,60.640438079833984,83.09907531738281
vast-chess-8gpu-v89-v35-progressive-int8-sgd-reuse4-plateau,197,1789888546.4828112,98500,3814,50434336,201728000,8000000,8000000,0,1.899976134300232,0.8042032122612,3.0612757205963135,0.08235999941825867,16631.18359375,61.57108688354492,81.32756042480469
vast-chess-8gpu-v89-v35-progressive-int8-sgd-reuse4-plateau,198,1789888709.884898,99000,4012,50690088,202752000,8000000,8000000,0,1.9002914428710938,0.80389803647995,3.061823844909668,0.08226999640464783,17079.2421875,59.95582580566406,81.91326904296875
vast-chess-8gpu-v89-v35-progressive-int8-sgd-reuse4-plateau,199,1789888891.4603677,99500,4087,50951468,203776000,8000000,8000000,0,1.8988817930221558,0.8043850064277649,3.0605127811431885,0.08218000084161758,17255.70703125,59.34268569946289,98.85832214355469
vast-chess-8gpu-v89-v35-progressive-int8-sgd-reuse4-plateau,200,1789889046.8686428,100000,3853,51202880,204800000,8000000,8000000,0,1.8990098237991333,0.8032749891281128,3.059494733810425,0.08208999782800674,17057.513671875,60.032196044921875,75.70409393310547
vast-chess-8gpu-v89-v35-progressive-int8-sgd-reuse4-plateau,201,1789889209.6083074,100500,3921,51458544,205824000,8000000,8000000,0,1.9011038541793823,0.8015410900115967,3.059809684753418,0.0820000022649765,17059.2109375,60.02622604370117,83.70936584472656
vast-chess-8gpu-v89-v35-progressive-int8-sgd-reuse4-plateau,202,1789889382.352336,101000,4027,51715356,206848000,8000000,8000000,0,1.9001588821411133,0.8015233874320984,3.058915615081787,0.08190999925136566,17121.126953125,59.809146881103516,91.99990844726562
vast-chess-8gpu-v89-v35-progressive-int8-sgd-reuse4-plateau,203,1789889546.4196687,101500,3901,51971064,207872000,8000000,8000000,0,1.9009376764297485,0.801852285861969,3.0597944259643555,0.08182000368833542,17179.9296875,59.60443878173828,79.14839172363281
vast-chess-8gpu-v89-v35-progressive-int8-sgd-reuse4-plateau,204,1789889711.3489559,102000,4026,52225164,208896000,8000000,8000000,0,1.9014925956726074,0.8002048134803772,3.058802366256714,0.08173000067472458,17310.240234375,59.155731201171875,83.10202026367188
vast-chess-8gpu-v89-v35-progressive-int8-sgd-reuse4-plateau,205,1789889879.7594361,102500,4210,52484276,209920000,8000000,8000000,0,1.8996546268463135,0.7998713254928589,3.056882381439209,0.08163999766111374,16866.6015625,60.71169662475586,88.74488067626953
vast-chess-8gpu-v89-v35-progressive-int8-sgd-reuse4-plateau,206,1789890055.2790346,103000,4150,52736704,210944000,8000000,8000000,0,1.8987756967544556,0.7986630797386169,3.054581642150879,0.0815500020980835,17119.390625,59.81521224975586,92.06693267822266
vast-chess-8gpu-v89-v35-progressive-int8-sgd-reuse4-plateau,207,1789890218.472771,103500,4189,52992888,211968000,8000000,8000000,0,1.9006927013397217,0.7976343035697937,3.0555458068847656,0.08145999908447266,17080.51953125,59.95133972167969,84.7981185913086
vast-chess-8gpu-v89-v35-progressive-int8-sgd-reuse4-plateau,208,1789890395.255188,104000,4030,53251816,212992000,8000000,8000000,0,1.8983197212219238,0.7979912161827087,3.0534119606018066,0.08137000352144241,16873.607421875,60.686492919921875,92.52909851074219
vast-chess-8gpu-v89-v35-progressive-int8-sgd-reuse4-plateau,209,1789890559.081373,104500,4100,53510336,214016000,8000000,8000000,0,1.89879310131073,0.7988275289535522,3.054760694503784,0.08128000050783157,17079.16796875,59.95608139038086,81.39640808105469
vast-chess-8gpu-v89-v35-progressive-int8-sgd-reuse4-plateau,210,1789890725.6617997,105000,4233,53766364,215040000,8000000,8000000,0,1.8990826606750488,0.7989469170570374,3.055023193359375,0.08118999749422073,17397.787109375,58.858062744140625,89.98207092285156
vast-chess-8gpu-v89-v35-progressive-int8-sgd-reuse4-plateau,211,1789890904.8980637,105500,4063,54021008,216064000,8000000,8000000,0,1.8996527194976807,0.7998823523521423,3.0568103790283203,0.08110000193119049,17051.384765625,60.053775787353516,99.24584197998047
vast-chess-8gpu-v89-v35-progressive-int8-sgd-reuse4-plateau,212,1789891075.9675057,106000,3895,54273488,217088000,8000000,8000000,0,1.8985602855682373,0.7982766032218933,3.05391526222229,0.08100999891757965,16895.224609375,60.60884094238281,87.67986297607422
vast-chess-8gpu-v89-v35-progressive-int8-sgd-reuse4-plateau,213,1789891236.6788278,106500,3901,54529512,218112000,8000000,8000000,0,1.8980894088745117,0.7981510162353516,3.0534913539886475,0.08092000335454941,17555.90234375,58.32796096801758,79.824951171875
vast-chess-8gpu-v89-v35-progressive-int8-sgd-reuse4-plateau,214,1789891406.5185559,107000,3936,54787672,219136000,8000000,8000000,0,1.8997690677642822,0.7976309061050415,3.0547449588775635,0.08083000034093857,17163.3125,59.66214370727539,89.74687194824219
vast-chess-8gpu-v89-v35-progressive-int8-sgd-reuse4-plateau,215,1789891580.3630686,107500,3982,55044672,220160000,8000000,8000000,0,1.8997719287872314,0.79705810546875,3.054321050643921,0.08073999732732773,17030.40234375,60.12776184082031,92.11835479736328
vast-chess-8gpu-v89-v35-progressive-int8-sgd-reuse4-plateau,216,1789891745.5926778,108000,3945,55300560,221184000,8000000,8000000,0,1.8995972871780396,0.7958866357803345,3.052928924560547,0.08065000176429749,17417.9765625,58.789833068847656,86.58523559570312
vast-chess-8gpu-v89-v35-progressive-int8-sgd-reuse4-plateau,217,1789891906.456218,108500,4090,55557160,222208000,8000000,8000000,0,1.8996186256408691,0.7965743541717529,3.053524971008301,0.08055999875068665,17186.080078125,59.583106994628906,80.57714080810547
vast-chess-8gpu-v89-v35-progressive-int8-sgd-reuse4-plateau,218,1789892069.8513627,109000,4140,55814620,223232000,8000000,8000000,0,1.9020217657089233,0.7965943217277527,3.056104898452759,0.0804700031876564,17162.083984375,59.666412353515625,83.03010559082031
vast-chess-8gpu-v89-v35-progressive-int8-sgd-reuse4-plateau,219,1789892247.9477327,109500,3986,56066044,224256000,8000000,8000000,0,1.9002599716186523,0.7978781461715698,3.0559229850769043,0.08038000017404556,17255.546875,59.343238830566406,95.04961395263672
vast-chess-8gpu-v89-v35-progressive-int8-sgd-reuse4-plateau,220,1789892420.2838726,110000,4138,56323332,225280000,8000000,8000000,0,1.898284912109375,0.7963852882385254,3.0522327423095703,0.08028999716043472,17349.376953125,59.02229309082031,90.44976806640625
vast-chess-8gpu-v89-v35-progressive-int8-sgd-reuse4-plateau,221,1789892590.538796,110500,3976,56580960,226304000,8000000,8000000,0,1.9002681970596313,0.7975862622261047,3.055560350418091,0.08020000159740448,16846.544921875,60.78397750854492,87.15330505371094
vast-chess-8gpu-v89-v35-progressive-int8-sgd-reuse4-plateau,222,1789892758.033567,111000,3914,56835808,227328000,8000000,8000000,0,1.900968313217163,0.7979862093925476,3.0564093589782715,0.08010999858379364,17251.763671875,59.35624694824219,87.38262939453125
vast-chess-8gpu-v89-v35-progressive-int8-sgd-reuse4-plateau,223,1789892928.3843167,111500,3992,57097348,228352000,8000000,8000000,0,1.899705171585083,0.7986417412757874,3.055960178375244,0.0800200030207634,17483.201171875,58.57051086425781,89.51487731933594
vast-chess-8gpu-v89-v35-progressive-int8-sgd-reuse4-plateau,224,1789893091.605988,112000,3900,57348872,229376000,8000000,8000000,0,1.8992080688476562,0.8008303046226501,3.057440996170044,0.07993000000715256,16906.783203125,60.56740951538086,80.53175354003906
vast-chess-8gpu-v89-v35-progressive-int8-sgd-reuse4-plateau,225,1789893254.7680137,112500,3891,57602568,230400000,8000000,8000000,0,1.898953914642334,0.8012158274650574,3.057734966278076,0.07983999699354172,17174.884765625,59.62194061279297,79.748779296875
vast-chess-8gpu-v89-v35-progressive-int8-sgd-reuse4-plateau,226,1789893425.9245512,113000,3918,57860624,231424000,8000000,8000000,0,1.9000372886657715,0.8015522360801697,3.0588722229003906,0.07975000143051147,16945.396484375,60.42939376831055,90.15062713623047
vast-chess-8gpu-v89-v35-progressive-int8-sgd-reuse4-plateau,227,1789893597.039942,113500,4014,58113948,232448000,8000000,8000000,0,1.89998459815979,0.8013202548027039,3.0587925910949707,0.07965999841690063,17230.65625,59.42896270751953,89.9355697631836
vast-chess-8gpu-v89-v35-progressive-int8-sgd-reuse4-plateau,228,1789893767.575462,114000,3930,58371112,233472000,8000000,8000000,0,1.8992706537246704,0.8000165224075317,3.056706190109253,0.07957000285387039,17006.005859375,60.214019775390625,92.87346649169922
vast-chess-8gpu-v89-v35-progressive-int8-sgd-reuse4-plateau,229,1789893939.451315,114500,4081,58630256,234496000,8000000,8000000,0,1.899713158607483,0.8000022172927856,3.057147264480591,0.07947999984025955,16899.640625,60.59300231933594,90.90276336669922
vast-chess-8gpu-v89-v35-progressive-int8-sgd-reuse4-plateau,230,1789894098.5248127,115000,3805,58881236,235520000,8000000,8000000,0,1.9007333517074585,0.7992168068885803,3.0574746131896973,0.07938999682664871,16994.87109375,60.25347137451172,78.33409118652344
vast-chess-8gpu-v89-v35-progressive-int8-sgd-reuse4-plateau,231,1789894275.3462696,115500,4099,59136196,236544000,8000000,8000000,0,1.8997095823287964,0.799843966960907,3.0571913719177246,0.07930000126361847,16967.509765625,60.35063934326172,94.939697265625
vast-chess-8gpu-v89-v35-progressive-int8-sgd-reuse4-plateau,232,1789894446.0681663,116000,3967,59396428,237568000,8000000,8000000,0,1.899694561958313,0.7997975945472717,3.057105541229248,0.07920999825000763,17075.736328125,59.96813201904297,88.09925842285156
vast-chess-8gpu-v89-v35-progressive-int8-sgd-reuse4-plateau,233,1789894610.673303,116500,3954,59653584,238592000,8000000,8000000,0,1.897983193397522,0.79963618516922,3.0549614429473877,0.07912000268697739,16922.775390625,60.510169982910156,83.2629165649414
vast-chess-8gpu-v89-v35-progressive-int8-sgd-reuse4-plateau,234,1789894867.0349698,117000,3782,59905044,239616000,8000000,8000000,0,1.8993048667907715,0.8016936182975769,3.058208465576172,0.07902999967336655,16892.806640625,60.617515563964844,83.62955474853516
vast-chess-8gpu-v89-v35-progressive-int8-sgd-reuse4-plateau,235,1789895043.4519434,117500,3937,60163520,240640000,8000000,8000000,0,1.8988937139511108,0.8034445643424988,3.0599007606506348,0.0789399966597557,17094.72265625,59.90153121948242,28.25089454650879
vast-chess-8gpu-v89-v35-progressive-int8-sgd-reuse4-plateau,236,1789895237.2875059,118000,4004,60419252,241664000,8000000,8000000,0,1.8980414867401123,0.8024019598960876,3.057798147201538,0.07885000109672546,16925.279296875,60.50121307373047,44.36240005493164
vast-chess-8gpu-v89-v35-progressive-int8-sgd-reuse4-plateau,237,1789895440.47479,118500,4004,60678504,242688000,8000000,8000000,0,1.8987009525299072,0.8020768165588379,3.058368682861328,0.07875999808311462,17134.83203125,59.76130676269531,56.3227424621582
vast-chess-8gpu-v89-v35-progressive-int8-sgd-reuse4-plateau,238,1789895641.733317,119000,3808,60933920,243712000,8000000,8000000,0,1.899178385734558,0.8020464777946472,3.0584847927093506,0.07867000252008438,17134.748046875,59.76160430908203,49.80938720703125
vast-chess-8gpu-v89-v35-progressive-int8-sgd-reuse4-plateau,239,1789895832.1968255,119500,3857,61189392,244736000,8000000,8000000,0,1.8991230726242065,0.8018984198570251,3.058248281478882,0.07857999950647354,16036.75,63.853336334228516,34.71113967895508
vast-chess-8gpu-v89-v35-progressive-int8-sgd-reuse4-plateau,240,1789896021.227882,120000,3994,61446848,245760000,8000000,8000000,0,1.8986185789108276,0.8016597628593445,3.057589054107666,0.0784899964928627,17227.97265625,59.4382209777832,41.3336181640625
vast-chess-8gpu-v89-v35-progressive-int8-sgd-reuse4-plateau,241,1789896219.6446812,120500,4034,61700904,246784000,8000000,8000000,0,1.8988980054855347,0.8008736371994019,3.057469129562378,0.07840000092983246,16840.376953125,60.80624008178711,46.43267822265625
vast-chess-8gpu-v89-v35-progressive-int8-sgd-reuse4-plateau,242,1789896418.3697,121000,3975,61955684,247808000,8000000,8000000,0,1.8998459577560425,0.8010704517364502,3.0584189891815186,0.07830999791622162,16863.494140625,60.72288513183594,47.514564514160156
vast-chess-8gpu-v89-v35-progressive-int8-sgd-reuse4-plateau,243,1789896614.4962776,121500,3934,62212472,248832000,8000000,8000000,0,1.9012577533721924,0.800775945186615,3.0594396591186523,0.07822000235319138,17164.0625,59.65953826904297,47.36835479736328
vast-chess-8gpu-v89-v35-progressive-int8-sgd-reuse4-plateau,244,1789896812.5673227,122000,3894,62467960,249856000,8000000,8000000,0,1.8992091417312622,0.8027157187461853,3.0587570667266846,0.07812999933958054,16947.591796875,60.42156219482422,46.83662033081055
vast-chess-8gpu-v89-v35-progressive-int8-sgd-reuse4-plateau,245,1789897015.0412226,122500,3878,62726852,250880000,8000000,8000000,0,1.8996498584747314,0.8010520339012146,3.057624578475952,0.0780399963259697,15677.2197265625,65.31770324707031,46.5108642578125
vast-chess-8gpu-v89-v35-progressive-int8-sgd-reuse4-plateau,246,1789897204.3895009,123000,3823,62982304,251904000,8000000,8000000,0,1.8969413042068481,0.801820695400238,3.055574893951416,0.07795000076293945,17329.349609375,59.09049987792969,38.670875549316406
vast-chess-8gpu-v89-v35-progressive-int8-sgd-reuse4-plateau,247,1789897395.6260395,123500,3841,63234464,252928000,8000000,8000000,0,1.8953248262405396,0.8026245832443237,3.0545618534088135,0.07785999774932861,17264.443359375,59.31265640258789,40.20718765258789
vast-chess-8gpu-v89-v35-progressive-int8-sgd-reuse4-plateau,248,1789897588.6094017,124000,4011,63491832,253952000,8000000,8000000,0,1.89862060546875,0.8034617304801941,3.058842658996582,0.07777000218629837,17106.9609375,59.85867691040039,41.994422912597656
vast-chess-8gpu-v89-v35-progressive-int8-sgd-reuse4-plateau,249,1789897778.7685616,124500,3941,63747736,254976000,8000000,8000000,0,1.896851897239685,0.8040569424629211,3.0577731132507324,0.07767999917268753,17131.0078125,59.77465057373047,41.28304672241211
vast-chess-8gpu-v89-v35-progressive-int8-sgd-reuse4-plateau,250,1789897965.8034418,125000,4143,64004116,256000000,8000000,8000000,0,1.898244023323059,0.8025614619255066,3.057534694671631,0.07759000360965729,17226.302734375,59.4439811706543,40.9619026184082
vast-chess-8gpu-v89-v35-progressive-int8-sgd-reuse4-plateau,251,1789898169.2539775,125500,4201,64259256,257024000,8000000,8000000,0,1.8955683708190918,0.8024992942810059,3.0548012256622314,0.07750000059604645,16731.08203125,61.20345687866211,51.14030838012695
vast-chess-8gpu-v89-v35-progressive-int8-sgd-reuse4-plateau,252,1789898382.7842324,126000,4176,64518224,258048000,8000000,8000000,0,1.8965198993682861,0.8023073673248291,3.0557563304901123,0.07740999758243561,16026.0029296875,63.89616012573242,54.6404914855957
vast-chess-8gpu-v89-v35-progressive-int8-sgd-reuse4-plateau,253,1789898569.6992538,126500,4027,64768460,259072000,8000000,8000000,0,1.8960920572280884,0.8027140498161316,3.0556671619415283,0.07732000201940536,16861.955078125,60.728424072265625,34.55708312988281
vast-chess-8gpu-v89-v35-progressive-int8-sgd-reuse4-plateau,254,1789898764.2592387,127000,4250,65027548,260096000,8000000,8000000,0,1.896687388420105,0.8017698526382446,3.055234432220459,0.07722999900579453,16759.671875,61.09904861450195,44.69247055053711
vast-chess-8gpu-v89-v35-progressive-int8-sgd-reuse4-plateau,255,1789898968.36906,127500,4247,65285824,261120000,8000000,8000000,0,1.8971714973449707,0.8013012409210205,3.0551836490631104,0.07714000344276428,16527.78515625,61.956275939941406,50.68232345581055
vast-chess-8gpu-v89-v35-progressive-int8-sgd-reuse4-plateau,256,1789899164.8588533,128000,4165,65539992,262144000,8000000,8000000,0,1.8947296142578125,0.8011659979820251,3.052776336669922,0.07705000042915344,17115.912109375,59.827369689941406,46.30221939086914
vast-chess-8gpu-v89-v35-progressive-int8-sgd-reuse4-plateau,257,1789899356.7849069,128500,4103,65792708,263168000,8000000,8000000,0,1.896346092224121,0.8001359105110168,3.0533928871154785,0.0769599974155426,16954.41015625,60.39726638793945,40.31996154785156
vast-chess-8gpu-v89-v35-progressive-int8-sgd-reuse4-plateau,258,1789899568.0425923,129000,4204,66054576,264192000,8000000,8000000,0,1.894371747970581,0.8007304072380066,3.051969528198242,0.07687000185251236,16102.3544921875,63.59318542480469,53.429527282714844
vast-chess-8gpu-v89-v35-progressive-int8-sgd-reuse4-plateau,259,1789899753.1840513,129500,4007,66304492,265216000,8000000,8000000,0,1.894550085067749,0.8016846776008606,3.053277015686035,0.07677999883890152,17158.509765625,59.6788444519043,35.1600341796875
vast-chess-8gpu-v89-v35-progressive-int8-sgd-reuse4-plateau,260,1789899950.8806987,130000,4178,66562660,266240000,8000000,8000000,0,1.8939489126205444,0.8011865615844727,3.051983594894409,0.07669000327587128,17047.775390625,60.066490173339844,49.761383056640625
vast-chess-8gpu-v89-v35-progressive-int8-sgd-reuse4-plateau,261,1789900146.0281067,130500,4182,66818492,267264000,8000000,8000000,0,1.8949826955795288,0.8007552027702332,3.0526046752929688,0.07660000026226044,17096.193359375,59.8963737487793,44.55382537841797
vast-chess-8gpu-v89-v35-progressive-int8-sgd-reuse4-plateau,262,1789900350.2262223,131000,4184,67079324,268288000,8000000,8000000,0,1.8936376571655273,0.8032788634300232,3.053445816040039,0.0765099972486496,16969.244140625,60.34446716308594,47.49448776245117
vast-chess-8gpu-v89-v35-progressive-int8-sgd-reuse4-plateau,263,1789900546.2353728,131500,4182,67328624,269312000,8000000,8000000,0,1.8921568393707275,0.8027973771095276,3.051561117172241,0.07642000168561935,16882.80078125,60.6534423828125,45.61796188354492
vast-chess-8gpu-v89-v35-progressive-int8-sgd-reuse4-plateau,264,1789900743.3042345,132000,4231,67587808,270336000,8000000,8000000,0,1.8923412561416626,0.8035027980804443,3.0525248050689697,0.07632999867200851,16690.462890625,61.35240173339844,47.52266311645508
vast-chess-8gpu-v89-v35-progressive-int8-sgd-reuse4-plateau,265,1789900945.9059699,132500,4267,67842008,271360000,8000000,8000000,0,1.8943535089492798,0.8037816882133484,3.0550146102905273,0.07624000310897827,16950.265625,60.41202926635742,51.3336181640625
vast-chess-8gpu-v89-v35-progressive-int8-sgd-reuse4-plateau,266,1789901140.5455165,133000,4197,68101080,272384000,8000000,8000000,0,1.892858862876892,0.8034854531288147,3.0529978275299072,0.07615000009536743,16816.740234375,60.89170455932617,45.49494934082031
vast-chess-8gpu-v89-v35-progressive-int8-sgd-reuse4-plateau,267,1789901339.2842076,133500,4088,68357312,273408000,8000000,8000000,0,1.8915653228759766,0.803585946559906,3.05147385597229,0.07605999708175659,17025.607421875,60.14469909667969,49.660789489746094
vast-chess-8gpu-v89-v35-progressive-int8-sgd-reuse4-plateau,268,1789901533.2586284,134000,3871,68610032,274432000,8000000,8000000,0,1.8919028043746948,0.8048160076141357,3.0533058643341064,0.07597000151872635,17040.337890625,60.09270095825195,41.76482009887695
vast-chess-8gpu-v89-v35-progressive-int8-sgd-reuse4-plateau,269,1789901720.394798,134500,3976,68869240,275456000,8000000,8000000,0,1.8909679651260376,0.8051508665084839,3.052354335784912,0.07587999850511551,17214.515625,59.484683990478516,35.95199966430664
vast-chess-8gpu-v89-v35-progressive-int8-sgd-reuse4-plateau,270,1789901917.0944123,135000,4135,69126680,276480000,8000000,8000000,0,1.8907188177108765,0.8039725422859192,3.050966501235962,0.07579000294208527,16702.888671875,61.3067626953125,43.68647003173828
vast-chess-8gpu-v89-v35-progressive-int8-sgd-reuse4-plateau,271,1789902119.1477327,135500,4167,69378872,277504000,8000000,8000000,0,1.890119194984436,0.8045318722724915,3.051299571990967,0.07569999992847443,16917.8984375,60.527610778808594,50.67283630371094
vast-chess-8gpu-v89-v35-progressive-int8-sgd-reuse4-plateau,272,1789902324.5209723,136000,4085,69632432,278528000,8000000,8000000,0,1.8900169134140015,0.8037193417549133,3.0503787994384766,0.07560999691486359,17160.388671875,59.672306060791016,55.595420837402344
vast-chess-8gpu-v89-v35-progressive-int8-sgd-reuse4-plateau,273,1789902522.1486096,136500,3962,69892664,279552000,8000000,8000000,0,1.8898059129714966,0.8041221499443054,3.050199270248413,0.07552000135183334,16918.310546875,60.52613830566406,46.792171478271484
vast-chess-8gpu-v89-v35-progressive-int8-sgd-reuse4-plateau,274,1789902711.7243268,137000,4031,70148672,280576000,8000000,8000000,0,1.890764594078064,0.8031525611877441,3.050478935241699,0.0754299983382225,16991.359375,60.26592254638672,38.24284362792969
vast-chess-8gpu-v89-v35-progressive-int8-sgd-reuse4-plateau,275,1789902911.013109,137500,4108,70403136,281600000,8000000,8000000,0,1.889708399772644,0.8022894263267517,3.0482325553894043,0.07534000277519226,16821.353515625,60.87500762939453,49.851253509521484
vast-chess-8gpu-v89-v35-progressive-int8-sgd-reuse4-plateau,276,1789903113.2798133,138000,3946,70658680,282624000,8000000,8000000,0,1.888798475265503,0.8019204139709473,3.0473814010620117,0.07524999976158142,16689.294921875,61.356693267822266,48.46208572387695
vast-chess-8gpu-v89-v35-progressive-int8-sgd-reuse4-plateau,277,1789903304.9810288,138500,3898,70918016,283648000,8000000,8000000,0,1.8881562948226929,0.8022099137306213,3.046786069869995,0.07515999674797058,16690.654296875,61.35169982910156,39.06719207763672
vast-chess-8gpu-v89-v35-progressive-int8-sgd-reuse4-plateau,278,1789903503.0666451,139000,4044,71169608,284672000,8000000,8000000,0,1.889116883277893,0.8023697733879089,3.047981023788452,0.07507000118494034,16830.1171875,60.84331130981445,42.696449279785156
vast-chess-8gpu-v89-v35-progressive-int8-sgd-reuse4-plateau,279,1789903692.165194,139500,4118,71426192,285696000,8000000,8000000,0,1.888409972190857,0.8015210032463074,3.0463664531707764,0.0749799981713295,16888.033203125,60.6346549987793,38.26249313354492
vast-chess-8gpu-v89-v35-progressive-int8-sgd-reuse4-plateau,280,1789903895.7162433,140000,4145,71683672,286720000,8000000,8000000,0,1.8872220516204834,0.8012157082557678,3.0447919368743896,0.07489000260829926,16677.720703125,61.3992805480957,55.17936325073242
vast-chess-8gpu-v89-v35-progressive-int8-sgd-reuse4-plateau,281,1789904096.6633694,140500,3936,71936528,287744000,8000000,8000000,0,1.8867473602294922,0.8022311925888062,3.0456182956695557,0.07479999959468842,17011.66015625,60.19400405883789,49.451534271240234
vast-chess-8gpu-v89-v35-progressive-int8-sgd-reuse4-plateau,282,1789904294.3038132,141000,4098,72195680,288768000,8000000,8000000,0,1.886627197265625,0.8024255037307739,3.044996976852417,0.07470999658107758,16167.6416015625,63.336387634277344,42.33715057373047
vast-chess-8gpu-v89-v35-progressive-int8-sgd-reuse4-plateau,283,1789904481.2150059,141500,4046,72448528,289792000,8000000,8000000,0,1.8854953050613403,0.803073525428772,3.045045852661133,0.07462000101804733,16738.9609375,61.174644470214844,36.7412223815918
vast-chess-8gpu-v89-v35-progressive-int8-sgd-reuse4-plateau,284,1789904690.3379352,142000,4160,72708576,290816000,8000000,8000000,0,1.8857074975967407,0.8021289706230164,3.044070243835449,0.07452999800443649,16598.25390625,61.6932373046875,57.843170166015625
vast-chess-8gpu-v89-v35-progressive-int8-sgd-reuse4-plateau,285,1789904880.680011,142500,3944,72965792,291840000,8000000,8000000,0,1.8856645822525024,0.8038997650146484,3.0456702709198,0.07444000244140625,16612.9140625,61.6387939453125,38.04777145385742
vast-chess-8gpu-v89-v35-progressive-int8-sgd-reuse4-plateau,286,1789905080.130445,143000,3915,73220048,292864000,8000000,8000000,0,1.8859012126922607,0.8037413358688354,3.0454957485198975,0.07434999942779541,16865.248046875,60.71656799316406,45.68193435668945
vast-chess-8gpu-v89-v35-progressive-int8-sgd-reuse4-plateau,287,1789905271.0463316,143500,3981,73475448,293888000,8000000,8000000,0,1.8856325149536133,0.8034545183181763,3.0450761318206787,0.07425999641418457,16897.05859375,60.602264404296875,40.973052978515625
vast-chess-8gpu-v89-v35-progressive-int8-sgd-reuse4-plateau,288,1789905463.3770323,144000,4035,73732032,294912000,8000000,8000000,0,1.8846338987350464,0.8030027747154236,3.043498992919922,0.07417000085115433,16499.58984375,62.06215286254883,43.137962341308594
vast-chess-8gpu-v89-v35-progressive-int8-sgd-reuse4-plateau,289,1789905662.9784064,144500,4022,73991128,295936000,8000000,8000000,0,1.885504126548767,0.8033912181854248,3.0448825359344482,0.07407999783754349,17233.060546875,59.42066955566406,51.08781433105469
vast-chess-8gpu-v89-v35-progressive-int8-sgd-reuse4-plateau,290,1789905864.7323496,145000,4165,74243800,296960000,8000000,8000000,0,1.8852883577346802,0.8031922578811646,3.044576644897461,0.07399000227451324,16779.068359375,61.028419494628906,49.03164291381836
vast-chess-8gpu-v89-v35-progressive-int8-sgd-reuse4-plateau,291,1789906060.660864,145500,3881,74499256,297984000,8000000,8000000,0,1.8830327987670898,0.8032804131507874,3.0418667793273926,0.0738999992609024,16933.646484375,60.4713249206543,43.50809860229492
vast-chess-8gpu-v89-v35-progressive-int8-sgd-reuse4-plateau,292,1789906257.517231,146000,3977,74757776,299008000,8000000,8000000,0,1.8842167854309082,0.8038181662559509,3.0437819957733154,0.07381000369787216,17318.955078125,59.12596893310547,45.98041534423828
vast-chess-8gpu-v89-v35-progressive-int8-sgd-reuse4-plateau,293,1789906451.7700438,146500,4022,75013864,300032000,8000000,8000000,0,1.885155200958252,0.8033556342124939,3.0442588329315186,0.07372000068426132,16944.396484375,60.432952880859375,42.480621337890625
vast-chess-8gpu-v89-v35-progressive-int8-sgd-reuse4-plateau,294,1789906649.8297238,147000,4197,75268256,301056000,8000000,8000000,0,1.8845158815383911,0.8017657995223999,3.041912794113159,0.07362999767065048,16572.3203125,61.78977584838867,47.3115119934082
vast-chess-8gpu-v89-v35-progressive-int8-sgd-reuse4-plateau,295,1789906849.0777671,147500,4022,75525032,302080000,8000000,8000000,0,1.8837504386901855,0.8015695214271545,3.0407357215881348,0.07354000210762024,17190.666015625,59.56721115112305,49.45314407348633
vast-chess-8gpu-v89-v35-progressive-int8-sgd-reuse4-plateau,296,1789907035.9221618,148000,3933,75782608,303104000,8000000,8000000,0,1.884506344795227,0.8021606206893921,3.0423169136047363,0.0734499990940094,16767.41015625,61.07085037231445,39.77457809448242
vast-chess-8gpu-v89-v35-progressive-int8-sgd-reuse4-plateau,297,1789907226.2121792,148500,3968,76034368,304128000,8000000,8000000,0,1.8829305171966553,0.8018165230751038,3.040238380432129,0.07336000353097916,17069.9609375,59.98841857910156,40.81840896606445
vast-chess-8gpu-v89-v35-progressive-int8-sgd-reuse4-plateau,298,1789907426.2554057,149000,4146,76291160,305152000,8000000,8000000,0,1.8825156688690186,0.8011668920516968,3.0393829345703125,0.07327000051736832,17235.736328125,59.41144561767578,48.699066162109375
vast-chess-8gpu-v89-v35-progressive-int8-sgd-reuse4-plateau,299,1789907627.5380065,149500,4183,76544816,306176000,8000000,8000000,0,1.8817204236984253,0.7995443940162659,3.037057399749756,0.07317999750375748,16876.171875,60.67726516723633,48.62709045410156
vast-chess-8gpu-v89-v35-progressive-int8-sgd-reuse4-plateau,300,1789907837.10862,150000,4089,76801704,307200000,8000000,8000000,0,1.8818564414978027,0.7991538047790527,3.0366103649139404,0.07309000194072723,16586.21875,61.73800277709961,54.53849792480469
vast-chess-8gpu-v89-v35-progressive-int8-sgd-reuse4-plateau,301,1789908040.175084,150500,4047,77058784,308224000,8000000,8000000,0,1.8821121454238892,0.7995525002479553,3.0372235774993896,0.0729999989271164,16924.203125,60.505062103271484,48.5633659362793
vast-chess-8gpu-v89-v35-progressive-int8-sgd-reuse4-plateau,302,1789908251.063085,151000,3956,77314248,309248000,8000000,8000000,0,1.881814956665039,0.8009747266769409,3.0380210876464844,0.07291000336408615,17438.173828125,58.721744537353516,60.17454528808594
vast-chess-8gpu-v89-v35-progressive-int8-sgd-reuse4-plateau,303,1789908450.3770933,151500,3985,77571712,310272000,8000000,8000000,0,1.8802063465118408,0.8020564913749695,3.037693977355957,0.07282000035047531,16681.31640625,61.386043548583984,50.0543212890625
vast-chess-8gpu-v89-v35-progressive-int8-sgd-reuse4-plateau,304,1789908653.5468047,152000,4035,77830512,311296000,8000000,8000000,0,1.8806438446044922,0.8018743991851807,3.0374910831451416,0.07272999733686447,16815.203125,60.897274017333984,49.379615783691406
vast-chess-8gpu-v89-v35-progressive-int8-sgd-reuse4-plateau,305,1789908842.5488877,152500,3962,78084552,312320000,8000000,8000000,0,1.8794459104537964,0.8014581799507141,3.0360121726989746,0.07264000177383423,16989.205078125,60.273563385009766,40.72080612182617
vast-chess-8gpu-v89-v35-progressive-int8-sgd-reuse4-plateau,306,1789909043.707497,153000,4011,78340744,313344000,8000000,8000000,0,1.8804426193237305,0.8022687435150146,3.03773832321167,0.07254999876022339,16348.6650390625,62.63508224487305,47.9323844909668
vast-chess-8gpu-v89-v35-progressive-int8-sgd-reuse4-plateau,307,1789909237.3409524,153500,4012,78598752,314368000,8000000,8000000,0,1.8797972202301025,0.8018925786018372,3.0364317893981934,0.07246000319719315,17161.265625,59.66925811767578,42.98283767700195
vast-chess-8gpu-v89-v35-progressive-int8-sgd-reuse4-plateau,308,1789909430.4819477,154000,3912,78850936,315392000,8000000,8000000,0,1.8792858123779297,0.8017458915710449,3.036051034927368,0.0723700001835823,16830.73828125,60.841064453125,40.111751556396484
vast-chess-8gpu-v89-v35-progressive-int8-sgd-reuse4-plateau,309,1789909620.889508,154500,3899,79104792,316416000,8000000,8000000,0,1.8803359270095825,0.8027299046516418,3.038085460662842,0.07227999716997147,17219.001953125,59.46918487548828,39.48153305053711
vast-chess-8gpu-v89-v35-progressive-int8-sgd-reuse4-plateau,310,1789909808.2458491,155000,4118,79366808,317440000,8000000,8000000,0,1.880229115486145,0.8025421500205994,3.037856101989746,0.07219000160694122,17132.310546875,59.770103454589844,37.360252380371094
vast-chess-8gpu-v89-v35-progressive-int8-sgd-reuse4-plateau,311,1789910011.3669744,155500,4115,79622288,318464000,8000000,8000000,0,1.880999207496643,0.8022598028182983,3.0384511947631836,0.07209999859333038,16606.638671875,61.662086486816406,48.894813537597656
vast-chess-8gpu-v89-v35-progressive-int8-sgd-reuse4-plateau,312,1789910215.6758504,156000,4033,79875704,319488000,8000000,8000000,0,1.8821393251419067,0.8022303581237793,3.039503335952759,0.07201000303030014,16239.1318359375,63.05755615234375,49.3885498046875
vast-chess-8gpu-v89-v35-progressive-int8-sgd-reuse4-plateau,313,1789910410.1893902,156500,4060,80130200,320512000,8000000,8000000,0,1.8808364868164062,0.8023993968963623,3.038238286972046,0.0719200000166893,16839.923828125,60.80787658691406,42.1881217956543
vast-chess-8gpu-v89-v35-progressive-int8-sgd-reuse4-plateau,314,1789910610.0073104,157000,4184,80385184,321536000,8000000,8000000,0,1.8807611465454102,0.801689088344574,3.0374515056610107,0.07182999700307846,16585.96484375,61.738948822021484,45.48801803588867
vast-chess-8gpu-v89-v35-progressive-int8-sgd-reuse4-plateau,315,1789910811.8747132,157500,4258,80642224,322560000,8000000,8000000,0,1.8808553218841553,0.8005125522613525,3.036423683166504,0.07174000144004822,16798.189453125,60.95895004272461,48.369171142578125
vast-chess-8gpu-v89-v35-progressive-int8-sgd-reuse4-plateau,316,1789911009.4562254,158000,4209,80897936,323584000,8000000,8000000,0,1.880438208580017,0.7993505001068115,3.0348124504089355,0.07164999842643738,17180.8671875,59.6011848449707,44.544952392578125
vast-chess-8gpu-v89-v35-progressive-int8-sgd-reuse4-plateau,317,1789911193.586292,158500,4083,81154888,324608000,8000000,8000000,0,1.8811359405517578,0.8003287315368652,3.0367419719696045,0.07156000286340714,16957.962890625,60.384613037109375,37.49834060668945
vast-chess-8gpu-v89-v35-progressive-int8-sgd-reuse4-plateau,318,1789911407.489462,159000,4191,81413168,325632000,8000000,8000000,0,1.881835699081421,0.80198073387146,3.0387516021728516,0.0714699998497963,16534.416015625,61.93143081665039,55.188655853271484
vast-chess-8gpu-v89-v35-progressive-int8-sgd-reuse4-plateau,319,1789911594.2472317,159500,4091,81664000,326656000,8000000,8000000,0,1.8821903467178345,0.8019997477531433,3.039332151412964,0.07137999683618546,16569.75390625,61.79935073852539,37.66878890991211
vast-chess-8gpu-v89-v35-progressive-int8-sgd-reuse4-plateau,320,1789911794.7770977,160000,4215,81925368,327680000,8000000,8000000,0,1.881690502166748,0.8023688793182373,3.0391604900360107,0.07129000127315521,16500.70703125,62.057945251464844,51.148929595947266
vast-chess-8gpu-v89-v35-progressive-int8-sgd-reuse4-plateau,321,1789911996.5074904,160500,4233,82180768,328704000,8000000,8000000,0,1.8791836500167847,0.8002784848213196,3.0345423221588135,0.07119999825954437,16840.958984375,60.804134368896484,48.59295654296875
vast-chess-8gpu-v89-v35-progressive-int8-sgd-reuse4-plateau,322,1789912194.8471549,161000,4117,82432304,329728000,8000000,8000000,0,1.880447268486023,0.8008877635002136,3.0363309383392334,0.07111000269651413,16873.875,60.68552780151367,46.348541259765625
vast-chess-8gpu-v89-v35-progressive-int8-sgd-reuse4-plateau,323,1789912391.225493,161500,4099,82690632,330752000,8000000,8000000,0,1.8817871809005737,0.8011745810508728,3.0381293296813965,0.07101999968290329,17245.982421875,59.37614440917969,46.566707611083984
vast-chess-8gpu-v89-v35-progressive-int8-sgd-reuse4-plateau,324,1789912604.14935,162000,4071,82945640,331776000,8000000,8000000,0,1.8794546127319336,0.8012353777885437,3.035733222961426,0.07092999666929245,16106.6298828125,63.57630157470703,57.13567352294922
vast-chess-8gpu-v89-v35-progressive-int8-sgd-reuse4-plateau,325,1789912806.0649874,162500,4256,83209376,332800000,8000000,8000000,0,1.8793562650680542,0.80118727684021,3.0355422496795654,0.07084000110626221,16581.291015625,61.75634765625,50.619564056396484
vast-chess-8gpu-v89-v35-progressive-int8-sgd-reuse4-plateau,326,1789912993.171646,163000,3805,83462576,333824000,8000000,8000000,0,1.878649353981018,0.802294135093689,3.0358388423919678,0.07074999809265137,16724.130859375,61.22888946533203,33.4839973449707
vast-chess-8gpu-v89-v35-progressive-int8-sgd-reuse4-plateau,327,1789913187.7916028,163500,3941,83716360,334848000,8000000,8000000,0,1.8792977333068848,0.8022697567939758,3.0362002849578857,0.07066000252962112,16952.53125,60.403961181640625,46.939971923828125
vast-chess-8gpu-v89-v35-progressive-int8-sgd-reuse4-plateau,328,1789913390.9699564,164000,3973,83969376,335872000,8000000,8000000,0,1.8796441555023193,0.8008127212524414,3.0352110862731934,0.07056999951601028,16863.525390625,60.72277069091797,49.902408599853516
vast-chess-8gpu-v89-v35-progressive-int8-sgd-reuse4-plateau,329,1789913587.2854187,164500,4056,84231752,336896000,8000000,8000000,0,1.881097674369812,0.8012199401855469,3.036990165710449,0.07047999650239944,16810.994140625,60.91251754760742,44.857139587402344
vast-chess-8gpu-v89-v35-progressive-int8-sgd-reuse4-plateau,330,1789913774.0779834,165000,3866,84486880,337920000,8000000,8000000,0,1.8787972927093506,0.8021204471588135,3.035701274871826,0.0703900009393692,17195.78515625,59.54948043823242,38.89020919799805
vast-chess-8gpu-v89-v35-progressive-int8-sgd-reuse4-plateau,331,1789913972.2278056,165500,4048,84742704,338944000,8000000,8000000,0,1.879342794418335,0.8018984198570251,3.035954475402832,0.07029999792575836,16303.681640625,62.807899475097656,43.787322998046875
vast-chess-8gpu-v89-v35-progressive-int8-sgd-reuse4-plateau,332,1789914170.4107769,166000,3936,84992560,339968000,8000000,8000000,0,1.8782597780227661,0.8022927641868591,3.0352909564971924,0.07021000236272812,17046.724609375,60.070194244384766,47.44681167602539
vast-chess-8gpu-v89-v35-progressive-int8-sgd-reuse4-plateau,333,1789914371.6111736,166500,4127,85257152,340992000,8000000,8000000,0,1.8798635005950928,0.8026230335235596,3.0374109745025635,0.07011999934911728,16849.990234375,60.771549224853516,50.12848663330078
vast-chess-8gpu-v89-v35-progressive-int8-sgd-reuse4-plateau,334,1789914566.884375,167000,3861,85509680,342016000,8000000,8000000,0,1.8797013759613037,0.8012691736221313,3.0359420776367188,0.07002999633550644,17022.08203125,60.15715408325195,42.09945297241211
vast-chess-8gpu-v89-v35-progressive-int8-sgd-reuse4-plateau,335,1789914754.210975,167500,3836,85763480,343040000,8000000,8000000,0,1.8791378736495972,0.8020049929618835,3.035552501678467,0.0699400007724762,16865.87890625,60.714298248291016,38.387901306152344
vast-chess-8gpu-v89-v35-progressive-int8-sgd-reuse4-plateau,336,1789914950.86647,168000,3891,86017048,344064000,8000000,8000000,0,1.8796148300170898,0.8030540943145752,3.0374033451080322,0.06984999775886536,17085.81640625,59.93275451660156,45.338470458984375
vast-chess-8gpu-v89-v35-progressive-int8-sgd-reuse4-plateau,337,1789915154.464388,168500,4049,86280496,345088000,8000000,8000000,0,1.8778941631317139,0.8030174374580383,3.035670042037964,0.06976000219583511,16413.73828125,62.38676452636719,51.53820037841797
vast-chess-8gpu-v89-v35-progressive-int8-sgd-reuse4-plateau,338,1789915348.2540336,169000,3800,86533488,346112000,8000000,8000000,0,1.879419207572937,0.80307936668396,3.037334680557251,0.06966999918222427,16722.177734375,61.23604202270508,40.00440216064453
vast-chess-8gpu-v89-v35-progressive-int8-sgd-reuse4-plateau,339,1789915546.925009,169500,3886,86786448,347136000,8000000,8000000,0,1.8769909143447876,0.8018928170204163,3.033644914627075,0.06958000361919403,16787.724609375,60.9969482421875,42.5053596496582
vast-chess-8gpu-v89-v35-progressive-int8-sgd-reuse4-plateau,340,1789915741.4607759,170000,4083,87048568,348160000,8000000,8000000,0,1.8784010410308838,0.8015795350074768,3.0347049236297607,0.06949000060558319,16973.90234375,60.327911376953125,42.33918380737305
vast-chess-8gpu-v89-v35-progressive-int8-sgd-reuse4-plateau,341,1789915932.3488734,170500,3765,87298576,349184000,8000000,8000000,0,1.8777414560317993,0.8020125031471252,3.0345542430877686,0.06939999759197235,16616.6015625,61.62511444091797,41.14942932128906
vast-chess-8gpu-v89-v35-progressive-int8-sgd-reuse4-plateau,342,1789916126.8292234,171000,3893,87553616,350208000,8000000,8000000,0,1.8770090341567993,0.802782416343689,3.034362554550171,0.06931000202894211,16827.74609375,60.85188293457031,44.2228889465332
vast-chess-8gpu-v89-v35-progressive-int8-sgd-reuse4-plateau,343,1789916322.1309264,171500,4029,87820136,351232000,8000000,8000000,0,1.8775190114974976,0.8023536205291748,3.034756660461426,0.06921999901533127,16113.9912109375,63.547264099121094,42.5704345703125
vast-chess-8gpu-v89-v35-progressive-int8-sgd-reuse4-plateau,344,1789916512.3421688,172000,3799,88064352,352256000,8000000,8000000,0,1.8762696981430054,0.8029142022132874,3.0338990688323975,0.06913000345230103,16949.703125,60.414039611816406,40.614505767822266
vast-chess-8gpu-v89-v35-progressive-int8-sgd-reuse4-plateau,345,1789916719.043838,172500,4056,88329280,353280000,8000000,8000000,0,1.8775591850280762,0.8030980825424194,3.0353944301605225,0.06904000043869019,17115.2109375,59.8298225402832,54.47273254394531
vast-chess-8gpu-v89-v35-progressive-int8-sgd-reuse4-plateau,346,1789916911.977387,173000,3864,88580544,354304000,8000000,8000000,0,1.876014232635498,0.8038292527198792,3.0346004962921143,0.06894999742507935,16698.998046875,61.321044921875,39.91102600097656
vast-chess-8gpu-v89-v35-progressive-int8-sgd-reuse4-plateau,347,1789917102.4940922,173500,3864,88833096,355328000,8000000,8000000,0,1.8772410154342651,0.8042982220649719,3.0359952449798584,0.0688600018620491,16699.3671875,61.3196907043457,40.31217956542969
vast-chess-8gpu-v89-v35-progressive-int8-sgd-reuse4-plateau,348,1789917301.569666,174000,4035,89092192,356352000,8000000,8000000,0,1.8764854669570923,0.8024791479110718,3.033736228942871,0.06876999884843826,16787.12890625,60.999114990234375,48.68568801879883
vast-chess-8gpu-v89-v35-progressive-int8-sgd-reuse4-plateau,349,1789917501.9731326,174500,4086,89349552,357376000,8000000,8000000,0,1.876667857170105,0.8010030388832092,3.03239369392395,0.06868000328540802,16358.4365234375,62.59767150878906,48.88835906982422
vast-chess-8gpu-v89-v35-progressive-int8-sgd-reuse4-plateau,350,1789917697.3382313,175000,4083,89605824,358400000,8000000,8000000,0,1.8761285543441772,0.7997881770133972,3.030759334564209,0.06859000027179718,16894.40234375,60.611793518066406,46.59522247314453
vast-chess-8gpu-v89-v35-progressive-int8-sgd-reuse4-plateau,351,1789917892.1609454,175500,4294,89862224,359424000,8000000,8000000,0,1.8762421607971191,0.8006318211555481,3.0317132472991943,0.06849999725818634,17204.203125,59.52033615112305,43.867279052734375
vast-chess-8gpu-v89-v35-progressive-int8-sgd-reuse4-plateau,352,1789918093.6882904,176000,4044,90113056,360448000,8000000,8000000,0,1.8769705295562744,0.8015895485877991,3.033257484436035,0.0684100016951561,16822.947265625,60.869239807128906,50.629669189453125
vast-chess-8gpu-v89-v35-progressive-int8-sgd-reuse4-plateau,353,1789918288.8582368,176500,4054,90369408,361472000,8000000,8000000,0,1.8765760660171509,0.8016155958175659,3.0329442024230957,0.06831999868154526,16716.24609375,61.25777053833008,43.81442642211914
vast-chess-8gpu-v89-v35-progressive-int8-sgd-reuse4-plateau,354,1789918491.1944225,177000,4167,90627944,362496000,8000000,8000000,0,1.876597285270691,0.8018088936805725,3.033186674118042,0.06823000311851501,16617.609375,61.621376037597656,49.690582275390625
vast-chess-8gpu-v89-v35-progressive-int8-sgd-reuse4-plateau,355,1789918702.3889945,177500,4039,90885464,363520000,8000000,8000000,0,1.8766263723373413,0.8018163442611694,3.0331597328186035,0.06814000010490417,16072.515625,63.711246490478516,53.123844146728516
vast-chess-8gpu-v89-v35-progressive-int8-sgd-reuse4-plateau,356,1789918894.434557,178000,3992,91139840,364544000,8000000,8000000,0,1.876103162765503,0.802454948425293,3.033350944519043,0.06804999709129333,17019.724609375,60.16548538208008,37.23139190673828
vast-chess-8gpu-v89-v35-progressive-int8-sgd-reuse4-plateau,357,1789919092.0466266,178500,4276,91401424,365568000,8000000,8000000,0,1.8762154579162598,0.8011829853057861,3.0319690704345703,0.06796000152826309,16714.4921875,61.26420211791992,45.08435821533203
vast-chess-8gpu-v89-v35-progressive-int8-sgd-reuse4-plateau,358,1789919277.2366142,179000,4025,91650384,366592000,8000000,8000000,0,1.8780596256256104,0.8019012212753296,3.034904956817627,0.06786999851465225,16335.044921875,62.68730926513672,35.42724609375
vast-chess-8gpu-v89-v35-progressive-int8-sgd-reuse4-plateau,359,1789919483.4844592,179500,4142,91906560,367616000,8000000,8000000,0,1.8759779930114746,0.803192138671875,3.0335378646850586,0.06778000295162201,16895.8203125,60.60670471191406,53.938785552978516
vast-chess-8gpu-v89-v35-progressive-int8-sgd-reuse4-plateau,360,1789919682.2874365,180000,4163,92160800,368640000,8000000,8000000,0,1.8758513927459717,0.8024173378944397,3.0330023765563965,0.06768999993801117,16943.580078125,60.435874938964844,44.848636627197266
vast-chess-8gpu-v89-v35-progressive-int8-sgd-reuse4-plateau,361,1789919885.055922,180500,4112,92421048,369664000,8000000,8000000,0,1.8756035566329956,0.8014812469482422,3.0320637226104736,0.06759999692440033,16075.595703125,63.699039459228516,49.210453033447266
vast-chess-8gpu-v89-v35-progressive-int8-sgd-reuse4-plateau,362,1789920082.4488986,181000,4017,92677032,370688000,8000000,8000000,0,1.8769694566726685,0.8016802668571472,3.0335304737091064,0.06751000136137009,17083.6328125,59.94041061401367,47.74071502685547
vast-chess-8gpu-v89-v35-progressive-int8-sgd-reuse4-plateau,363,1789920281.5843582,181500,3909,92931000,371712000,8000000,8000000,0,1.8770177364349365,0.8022833466529846,3.0342373847961426,0.06741999834775925,16797.005859375,60.9632453918457,46.17051315307617
vast-chess-8gpu-v89-v35-progressive-int8-sgd-reuse4-plateau,364,1789920477.0767207,182000,4118,93184432,372736000,8000000,8000000,0,1.876623511314392,0.8012500405311584,3.0326333045959473,0.067330002784729,17016.841796875,60.17567825317383,44.21424102783203
vast-chess-8gpu-v89-v35-progressive-int8-sgd-reuse4-plateau,365,1789920665.805136,182500,4093,93442400,373760000,8000000,8000000,0,1.8767796754837036,0.8010439872741699,3.0324838161468506,0.06723999977111816,16742.783203125,61.160682678222656,36.72512435913086
vast-chess-8gpu-v89-v35-progressive-int8-sgd-reuse4-plateau,366,1789920865.0354435,183000,4222,93700160,374784000,8000000,8000000,0,1.8772609233856201,0.8020696043968201,3.033778190612793,0.06714999675750732,17000.00390625,60.23527908325195,49.64929962158203
vast-chess-8gpu-v89-v35-progressive-int8-sgd-reuse4-plateau,367,1789921063.392327,183500,4230,93954944,375808000,8000000,8000000,0,1.8755555152893066,0.801547646522522,3.0316505432128906,0.06706000119447708,16108.1533203125,63.570289611816406,44.75868606567383
vast-chess-8gpu-v89-v35-progressive-int8-sgd-reuse4-plateau,368,1789921258.1192236,184000,4175,94209104,376832000,8000000,8000000,0,1.875243067741394,0.801502525806427,3.0311617851257324,0.06696999818086624,16582.478515625,61.751922607421875,41.46874237060547
vast-chess-8gpu-v89-v35-progressive-int8-sgd-reuse4-plateau,369,1789921466.7684805,184500,3987,94464408,377856000,8000000,8000000,0,1.8761334419250488,0.8016592264175415,3.0325427055358887,0.066880002617836,16771.013671875,61.0577278137207,55.13399887084961
vast-chess-8gpu-v89-v35-progressive-int8-sgd-reuse4-plateau,370,1789921661.4074914,185000,3843,94722536,378880000,8000000,8000000,0,1.875640869140625,0.8025692701339722,3.0326998233795166,0.06678999960422516,16795.4140625,60.96902084350586,40.51222229003906
vast-chess-8gpu-v89-v35-progressive-int8-sgd-reuse4-plateau,371,1789921851.818938,185500,3899,94978192,379904000,8000000,8000000,0,1.875943899154663,0.8030012845993042,3.0334815979003906,0.06669999659061432,16689.216796875,61.35698318481445,38.207542419433594
vast-chess-8gpu-v89-v35-progressive-int8-sgd-reuse4-plateau,372,1789922054.7444851,186000,4051,95237240,380928000,8000000,8000000,0,1.8742088079452515,0.8027574419975281,3.031186819076538,0.06661000102758408,16751.115234375,61.13025665283203,50.028411865234375
vast-chess-8gpu-v89-v35-progressive-int8-sgd-reuse4-plateau,373,1789922248.7921863,186500,3897,95493208,381952000,8000000,8000000,0,1.875625491142273,0.8024508357048035,3.0322513580322266,0.06651999801397324,16111.353515625,63.55766296386719,41.46603775024414
vast-chess-8gpu-v89-v35-progressive-int8-sgd-reuse4-plateau,374,1789922442.403999,187000,3775,95745320,382976000,8000000,8000000,0,1.8742340803146362,0.8017035126686096,3.030316114425659,0.066430002450943,16915.63671875,60.535701751708984,44.26386642456055
vast-chess-8gpu-v89-v35-progressive-int8-sgd-reuse4-plateau,375,1789922636.9647715,187500,3924,96005976,384000000,8000000,8000000,0,1.876799464225769,0.8020593523979187,3.0330142974853516,0.06633999943733215,16732.40625,61.198612213134766,40.482032775878906
vast-chess-8gpu-v89-v35-progressive-int8-sgd-reuse4-plateau,376,1789922829.9209177,188000,3983,96256224,385024000,8000000,8000000,0,1.8732892274856567,0.8027229309082031,3.0301709175109863,0.06624999642372131,16567.7109375,61.80697250366211,40.66212844848633
vast-chess-8gpu-v89-v35-progressive-int8-sgd-reuse4-plateau,377,1789923032.388468,188500,3968,96519296,386048000,8000000,8000000,0,1.8752402067184448,0.8022360801696777,3.031712055206299,0.06616000086069107,16516.947265625,61.99692916870117,50.404720306396484
vast-chess-8gpu-v89-v35-progressive-int8-sgd-reuse4-plateau,378,1789923225.5657334,189000,4013,96771808,387072000,8000000,8000000,0,1.8750094175338745,0.8010959029197693,3.03020977973938,0.06606999784708023,16801.62890625,60.94647216796875,40.69606018066406
vast-chess-8gpu-v89-v35-progressive-int8-sgd-reuse4-plateau,379,1789923421.3907385,189500,4092,97027552,388096000,8000000,8000000,0,1.8748356103897095,0.8007391691207886,3.0297739505767822,0.06598000228404999,16094.7060546875,63.62340545654297,43.496620178222656
vast-chess-8gpu-v89-v35-progressive-int8-sgd-reuse4-plateau,380,1789923626.6923332,190000,4178,97286344,389120000,8000000,8000000,0,1.8740302324295044,0.8009412288665771,3.029022455215454,0.06588999927043915,16500.673828125,62.05807113647461,51.92885208129883
vast-chess-8gpu-v89-v35-progressive-int8-sgd-reuse4-plateau,381,1789923823.2608876,190500,4123,97544456,390144000,8000000,8000000,0,1.8732982873916626,0.8005625605583191,3.027919054031372,0.0658000037074089,16953.677734375,60.39987564086914,42.38214874267578
vast-chess-8gpu-v89-v35-progressive-int8-sgd-reuse4-plateau,382,1789924015.846685,191000,3882,97794304,391168000,8000000,8000000,0,1.8741711378097534,0.8017863035202026,3.0297701358795166,0.06571000069379807,16739.76953125,61.17169189453125,42.850425720214844
vast-chess-8gpu-v89-v35-progressive-int8-sgd-reuse4-plateau,383,1789924216.0942738,191500,4044,98050440,392192000,8000000,8000000,0,1.8732234239578247,0.8008736968040466,3.0280508995056152,0.06561999768018723,16574.939453125,61.78001022338867,47.54368591308594
vast-chess-8gpu-v89-v35-progressive-int8-sgd-reuse4-plateau,384,1789924418.0367107,192000,4139,98311680,393216000,8000000,8000000,0,1.8730448484420776,0.8024487495422363,3.029433012008667,0.06553000211715698,16871.78125,60.69306182861328,48.784423828125
vast-chess-8gpu-v89-v35-progressive-int8-sgd-reuse4-plateau,385,1789924616.3960154,192500,3816,98562176,394240000,8000000,8000000,0,1.8738505840301514,0.8025913238525391,3.0303845405578613,0.06543999910354614,15528.9013671875,65.94155883789062,35.948387145996094
vast-chess-8gpu-v89-v35-progressive-int8-sgd-reuse4-plateau,386,1789924812.1284728,193000,3968,98819072,395264000,8000000,8000000,0,1.872398853302002,0.8027939200401306,3.028991460800171,0.0653500035405159,16678.828125,61.395198822021484,44.69623947143555
vast-chess-8gpu-v89-v35-progressive-int8-sgd-reuse4-plateau,387,1789925007.440987,193500,3929,99072656,396288000,8000000,8000000,0,1.8734122514724731,0.8017586469650269,3.029423713684082,0.06526000052690506,16887.806640625,60.63546371459961,42.21413803100586
vast-chess-8gpu-v89-v35-progressive-int8-sgd-reuse4-plateau,388,1789925198.790857,194000,3960,99332080,397312000,8000000,8000000,0,1.8738425970077515,0.8021425008773804,3.029709577560425,0.06516999751329422,16879.48046875,60.66537094116211,37.730491638183594
vast-chess-8gpu-v89-v35-progressive-int8-sgd-reuse4-plateau,389,1789925402.1477282,194500,4073,99587176,398336000,8000000,8000000,0,1.8742088079452515,0.8014721274375916,3.0296950340270996,0.06508000195026398,16741.6953125,61.164649963378906,51.13002014160156
vast-chess-8gpu-v89-v35-progressive-int8-sgd-reuse4-plateau,390,1789925602.3425288,195000,3826,99842296,399360000,8000000,8000000,0,1.873378872871399,0.8003882169723511,3.027867078781128,0.06498999893665314,16672.083984375,61.420040130615234,43.25273895263672
vast-chess-8gpu-v89-v35-progressive-int8-sgd-reuse4-plateau,391,1789925803.942474,195500,3949,100103912,400384000,8000000,8000000,0,1.8734087944030762,0.8007258176803589,3.028144359588623,0.0649000033736229,16481.748046875,62.12933349609375,42.28711700439453
vast-chess-8gpu-v89-v35-progressive-int8-sgd-reuse4-plateau,392,1789925993.4538443,196000,3848,100357088,401408000,8000000,8000000,0,1.8744213581085205,0.801173985004425,3.0296080112457275,0.06481000036001205,16574.40234375,61.78201675415039,35.4585075378418
vast-chess-8gpu-v89-v35-progressive-int8-sgd-reuse4-plateau,393,1789926181.7974756,196500,3925,100613688,402432000,8000000,8000000,0,1.8738707304000854,0.8013414144515991,3.029078483581543,0.06471999734640121,16738.68359375,61.175655364990234,39.61701202392578
vast-chess-8gpu-v89-v35-progressive-int8-sgd-reuse4-plateau,394,1789926382.8836708,197000,4124,100869536,403456000,8000000,8000000,0,1.8724488019943237,0.8007052540779114,3.027113437652588,0.06463000178337097,16747.70703125,61.142696380615234,49.55364990234375
vast-chess-8gpu-v89-v35-progressive-int8-sgd-reuse4-plateau,395,1789926582.491447,197500,4060,101127696,404480000,8000000,8000000,0,1.872333288192749,0.8010666370391846,3.027135133743286,0.06453999876976013,16528.759765625,61.95262145996094,50.064552307128906
vast-chess-8gpu-v89-v35-progressive-int8-sgd-reuse4-plateau,396,1789926791.3696177,198000,3943,101382512,405504000,8000000,8000000,0,1.8732374906539917,0.800512969493866,3.027445077896118,0.06445000320672989,17098.546875,59.88813018798828,55.4617805480957
vast-chess-8gpu-v89-v35-progressive-int8-sgd-reuse4-plateau,397,1789926974.2092462,198500,3752,101632976,406528000,8000000,8000000,0,1.8729965686798096,0.8010673522949219,3.027933359146118,0.06436000019311905,16911.99609375,60.548736572265625,34.3258171081543
vast-chess-8gpu-v89-v35-progressive-int8-sgd-reuse4-plateau,398,1789927172.425099,199000,4053,101896736,407552000,8000000,8000000,0,1.8734077215194702,0.8008813858032227,3.028374195098877,0.06426999717950821,16604.580078125,61.66973114013672,42.59288787841797
vast-chess-8gpu-v89-v35-progressive-int8-sgd-reuse4-plateau,399,1789927369.1839728,199500,4111,102147872,408576000,8000000,8000000,0,1.8727375268936157,0.798418402671814,3.0249907970428467,0.06418000161647797,16802.080078125,60.9448356628418,45.53111267089844
vast-chess-8gpu-v89-v35-progressive-int8-sgd-reuse4-plateau,400,1789927570.3383968,200000,4075,102406064,409600000,8000000,8000000,0,1.8737897872924805,0.8002508282661438,3.0280256271362305,0.06408999860286713,16553.3984375,61.86041259765625,47.65715408325195
vast-chess-8gpu-v89-v35-progressive-int8-sgd-reuse4-plateau,401,1789927763.682002,200500,3963,102662608,410624000,8256545,12000000,0,1.8731417655944824,0.8000362515449524,3.0269930362701416,0.06400000303983688,16710.00390625,61.28065872192383,43.253150939941406
vast-chess-8gpu-v89-v35-progressive-int8-sgd-reuse4-plateau,402,1789927970.1546726,201000,3808,102913592,411648000,8507529,12000000,0,1.8730448484420776,0.7995373606681824,3.0266318321228027,0.06391000002622604,16682.888671875,61.38025665283203,49.32251739501953
vast-chess-8gpu-v89-v35-progressive-int8-sgd-reuse4-plateau,403,1789928157.6975107,201500,3928,103179888,412672000,8773824,12000000,0,1.874714970588684,0.8007500171661377,3.029613494873047,0.0638199970126152,16720.134765625,61.24352264404297,34.69254684448242
vast-chess-8gpu-v89-v35-progressive-int8-sgd-reuse4-plateau,404,1789928358.3267524,202000,3883,103436888,413696000,9030825,12000000,0,1.874804973602295,0.801207423210144,3.029754161834717,0.06373000144958496,16501.384765625,62.05539321899414,45.50223159790039
vast-chess-8gpu-v89-v35-progressive-int8-sgd-reuse4-plateau,405,1789928544.7929106,202500,3788,103680696,414720000,9274636,12000000,0,1.875071406364441,0.8009852170944214,3.02992844581604,0.06363999843597412,16632.005859375,61.56803894042969,35.40813064575195
vast-chess-8gpu-v89-v35-progressive-int8-sgd-reuse4-plateau,406,1789928745.0836117,203000,4067,103940136,415744000,9534078,12000000,0,1.8747886419296265,0.8007678985595703,3.029340982437134,0.06355000287294388,17067.041015625,59.99868392944336,47.15989685058594
vast-chess-8gpu-v89-v35-progressive-int8-sgd-reuse4-plateau,407,1789928937.1365166,203500,3844,104194936,416768000,9788873,12000000,0,1.8754526376724243,0.8011056780815125,3.030571222305298,0.06345999985933304,16604.7890625,61.6689567565918,37.67033004760742
vast-chess-8gpu-v89-v35-progressive-int8-sgd-reuse4-plateau,408,1789929130.4915287,204000,4113,104455416,417792000,10049353,12000000,0,1.8765015602111816,0.8003490567207336,3.0306124687194824,0.0633699968457222,16839.24609375,60.81032180786133,42.492149353027344
vast-chess-8gpu-v89-v35-progressive-int8-sgd-reuse4-plateau,409,1789929333.0728092,204500,4060,104704112,418816000,10298052,12000000,0,1.877014398574829,0.8013116717338562,3.032115936279297,0.06328000128269196,16690.33984375,61.35285568237305,48.23007583618164
vast-chess-8gpu-v89-v35-progressive-int8-sgd-reuse4-plateau,410,1789929545.066269,205000,4090,104966016,419840000,10559958,12000000,0,1.8755333423614502,0.8004726767539978,3.029871940612793,0.06318999826908112,16059.12890625,63.76435470581055,55.722511291503906
vast-chess-8gpu-v89-v35-progressive-int8-sgd-reuse4-plateau,411,1789929730.4446313,205500,3857,105216992,420864000,10810931,12000000,0,1.8758208751678467,0.8008834719657898,3.0302560329437256,0.06310000270605087,16833.212890625,60.832115173339844,34.670108795166016
vast-chess-8gpu-v89-v35-progressive-int8-sgd-reuse4-plateau,412,1789929929.232753,206000,4181,105480712,421888000,11074650,12000000,0,1.8759297132492065,0.801379382610321,3.0310447216033936,0.06300999969244003,16374.951171875,62.53453826904297,47.256919860839844
vast-chess-8gpu-v89-v35-progressive-int8-sgd-reuse4-plateau,413,1789930134.3540828,206500,4096,105733200,422912000,11327140,12000000,0,1.8767305612564087,0.8010202050209045,3.031785488128662,0.0629199966788292,16636.96875,61.54967498779297,49.744224548339844
vast-chess-8gpu-v89-v35-progressive-int8-sgd-reuse4-plateau,414,1789930331.6816983,207000,4266,105991976,423936000,11585914,12000000,0,1.876104474067688,0.8012972474098206,3.0309579372406006,0.06283000111579895,16675.6875,61.406761169433594,44.37999725341797
vast-chess-8gpu-v89-v35-progressive-int8-sgd-reuse4-plateau,415,1789930523.2754538,207500,4137,106250688,424960000,11844631,12000000,0,1.8774172067642212,0.8012781143188477,3.032299280166626,0.06273999810218811,16774.966796875,61.043338775634766,38.345848083496094
vast-chess-8gpu-v89-v35-progressive-int8-sgd-reuse4-plateau,416,1789930724.9536407,208000,3845,106496264,425984000,12000000,12000000,0,1.878615140914917,0.8009838461875916,3.0333075523376465,0.06265000253915787,16082.6220703125,63.67121124267578,42.269710540771484
vast-chess-8gpu-v89-v35-progressive-int8-sgd-reuse4-plateau,417,1789930920.2314203,208500,4146,106755576,427008000,12000000,12000000,0,1.877215027809143,0.8013965487480164,3.032569646835327,0.06255999952554703,16367.900390625,62.56147766113281,42.531890869140625
vast-chess-8gpu-v89-v35-progressive-int8-sgd-reuse4-plateau,418,1789931118.4274886,209000,3892,107008720,428032000,12000000,12000000,0,1.8778091669082642,0.8024526238441467,3.034043550491333,0.062470000237226486,16554.99609375,61.85444259643555,43.02983474731445
vast-chess-8gpu-v89-v35-progressive-int8-sgd-reuse4-plateau,419,1789931314.0901308,209500,4052,107269464,429056000,12000000,12000000,0,1.8786051273345947,0.8023895621299744,3.0347321033477783,0.062380000948905945,16731.728515625,61.201087951660156,43.42516326904297
vast-chess-8gpu-v89-v35-progressive-int8-sgd-reuse4-plateau,420,1789931507.108977,210000,3986,107523832,430080000,12000000,12000000,0,1.8785120248794556,0.8028325438499451,3.035161018371582,0.0622900016605854,16410.39453125,62.399471282958984,39.02768325805664
vast-chess-8gpu-v89-v35-progressive-int8-sgd-reuse4-plateau,421,1789931706.6889298,210500,4165,107780088,431104000,12000000,12000000,0,1.8777817487716675,0.8024947047233582,3.033907890319824,0.062199998646974564,16798.27734375,60.95863342285156,48.26428985595703
vast-chess-8gpu-v89-v35-progressive-int8-sgd-reuse4-plateau,422,1789931912.162746,211000,4065,108039224,432128000,12000000,12000000,0,1.8779809474945068,0.8028692603111267,3.0343539714813232,0.06210999935865402,15978.5185546875,64.08604431152344,48.959346771240234
vast-chess-8gpu-v89-v35-progressive-int8-sgd-reuse4-plateau,423,1789932100.6056783,211500,4080,108295920,433152000,12000000,12000000,0,1.878599762916565,0.8023238778114319,3.034388542175293,0.06202000007033348,16624.650390625,61.59528350830078,40.34507751464844
vast-chess-8gpu-v89-v35-progressive-int8-sgd-reuse4-plateau,424,1789932302.0868077,212000,4093,108548904,434176000,12000000,12000000,0,1.8776241540908813,0.8034796118736267,3.0346672534942627,0.06193000078201294,16697.384765625,61.326969146728516,48.34423828125
vast-chess-8gpu-v89-v35-progressive-int8-sgd-reuse4-plateau,425,1789932505.2372198,212500,4276,108807840,435200000,12000000,12000000,0,1.8783128261566162,0.8054239153862,3.0374860763549805,0.0618400014936924,16732.04296875,61.1999397277832,50.9705924987793
vast-chess-8gpu-v89-v35-progressive-int8-sgd-reuse4-plateau,426,1789932706.0550873,213000,4185,109064896,436224000,12000000,12000000,0,1.877515435218811,0.8049613833427429,3.035754680633545,0.06174999848008156,16618.076171875,61.61964797973633,47.387386322021484
vast-chess-8gpu-v89-v35-progressive-int8-sgd-reuse4-plateau,427,1789932900.1594481,213500,3867,109315000,437248000,12000000,12000000,0,1.8754727840423584,0.8056475520133972,3.034726619720459,0.06165999919176102,16465.259765625,62.19154739379883,39.07035446166992
vast-chess-8gpu-v89-v35-progressive-int8-sgd-reuse4-plateau,428,1789933099.3569455,214000,4011,109571248,438272000,12000000,12000000,0,1.8783406019210815,0.8066267967224121,3.0384721755981445,0.061569999903440475,16277.9384765625,62.9072265625,45.51908874511719
vast-chess-8gpu-v89-v35-progressive-int8-sgd-reuse4-plateau,429,1789933288.4449418,214500,3959,109827584,439296000,12000000,12000000,0,1.878499150276184,0.8075676560401917,3.0395736694335938,0.061480000615119934,16484.22265625,62.1200065612793,35.724029541015625
vast-chess-8gpu-v89-v35-progressive-int8-sgd-reuse4-plateau,430,1789933491.432496,215000,4193,110080336,440320000,12000000,12000000,0,1.8788435459136963,0.8058215975761414,3.0382518768310547,0.06139000132679939,16529.4375,61.950077056884766,48.406822204589844
vast-chess-8gpu-v89-v35-progressive-int8-sgd-reuse4-plateau,431,1789933699.2047374,215500,4177,110346128,441344000,12000000,12000000,0,1.8777544498443604,0.8053175210952759,3.036452293395996,0.06129999831318855,16528.205078125,61.95470428466797,53.071937561035156
vast-chess-8gpu-v89-v35-progressive-int8-sgd-reuse4-plateau,432,1789933887.9563718,216000,3700,110597872,442368000,12000000,12000000,0,1.8785916566848755,0.8064118027687073,3.038020610809326,0.06120999902486801,16595.42578125,61.7037467956543,34.79083251953125
vast-chess-8gpu-v89-v35-progressive-int8-sgd-reuse4-plateau,433,1789934080.2652528,216500,3650,110848256,443392000,12000000,12000000,0,1.8781472444534302,0.8066886067390442,3.038102626800537,0.06111999973654747,16267.80078125,62.94643020629883,37.568077087402344
vast-chess-8gpu-v89-v35-progressive-int8-sgd-reuse4-plateau,434,1789934278.1352756,217000,4016,111112360,444416000,12000000,12000000,0,1.8784751892089844,0.8055885434150696,3.0371553897857666,0.06103000044822693,16186.4423828125,63.2628173828125,41.54645919799805
vast-chess-8gpu-v89-v35-progressive-int8-sgd-reuse4-plateau,435,1789934474.2895334,217500,3905,111366000,445440000,12000000,12000000,0,1.878058671951294,0.8067948818206787,3.0379812717437744,0.06094000115990639,16617.234375,61.622772216796875,42.557334899902344
vast-chess-8gpu-v89-v35-progressive-int8-sgd-reuse4-plateau,436,1789934667.5472033,218000,3728,111616624,446464000,12000000,12000000,0,1.8771001100540161,0.8061797618865967,3.0363292694091797,0.06084999814629555,16558.08203125,61.84291076660156,41.16814041137695
vast-chess-8gpu-v89-v35-progressive-int8-sgd-reuse4-plateau,437,1789934866.403582,218500,3923,111877744,447488000,12000000,12000000,0,1.8783185482025146,0.8062498569488525,3.0378026962280273,0.060759998857975006,16508.306640625,62.02937698364258,47.04192352294922
vast-chess-8gpu-v89-v35-progressive-int8-sgd-reuse4-plateau,438,1789935058.8930292,219000,3827,112130136,448512000,12000000,12000000,0,1.879036784172058,0.8062674403190613,3.0384223461151123,0.060669999569654465,16495.33203125,62.07817077636719,38.42085266113281
vast-chess-8gpu-v89-v35-progressive-int8-sgd-reuse4-plateau,439,1789935254.0588,219500,4171,112395576,449536000,12000000,12000000,0,1.878231167793274,0.8059089779853821,3.0372374057769775,0.06058000028133392,16633.2578125,61.56340408325195,40.285213470458984
vast-chess-8gpu-v89-v35-progressive-int8-sgd-reuse4-plateau,440,1789935454.3081362,220000,3905,112645800,450560000,12000000,12000000,0,1.8777744770050049,0.8067980408668518,3.0375871658325195,0.06049000099301338,16032.53125,63.870140075683594,42.17767333984375
vast-chess-8gpu-v89-v35-progressive-int8-sgd-reuse4-plateau,441,1789935642.846102,220500,3918,112901184,451584000,12000000,12000000,0,1.8774694204330444,0.8071396350860596,3.0375311374664307,0.06040000170469284,16498.123046875,62.067665100097656,36.4151611328125
vast-chess-8gpu-v89-v35-progressive-int8-sgd-reuse4-plateau,442,1789935835.4998388,221000,3939,113153976,452608000,12000000,12000000,0,1.877054214477539,0.8069059252738953,3.0369985103607178,0.060309998691082,16773.2890625,61.04944610595703,39.20552062988281
vast-chess-8gpu-v89-v35-progressive-int8-sgd-reuse4-plateau,443,1789936032.7583032,221500,4135,113415312,453632000,12000000,12000000,0,1.8771878480911255,0.8070613145828247,3.0372605323791504,0.06021999940276146,16420.98828125,62.359214782714844,43.58500289916992
vast-chess-8gpu-v89-v35-progressive-int8-sgd-reuse4-plateau,444,1789936228.049258,222000,4044,113665816,454656000,12000000,12000000,0,1.877388596534729,0.8057111501693726,3.0361390113830566,0.06013000011444092,16336.869140625,62.6803092956543,40.018287658691406
vast-chess-8gpu-v89-v35-progressive-int8-sgd-reuse4-plateau,445,1789936442.5107517,222500,4339,113927944,455680000,12000000,12000000,0,1.877740502357483,0.8056976795196533,3.0364322662353516,0.06004000082612038,16256.5654296875,62.98993682861328,58.336341857910156
vast-chess-8gpu-v89-v35-progressive-int8-sgd-reuse4-plateau,446,1789936646.173559,223000,4006,114176104,456704000,12000000,12000000,0,1.8773949146270752,0.8068113923072815,3.037393093109131,0.059950001537799835,16296.1064453125,62.83709716796875,46.85188674926758
vast-chess-8gpu-v89-v35-progressive-int8-sgd-reuse4-plateau,447,1789936844.7382143,223500,4166,114434656,457728000,12000000,12000000,0,1.8786745071411133,0.8061721324920654,3.0379679203033447,0.059859998524188995,16374.1279296875,62.537681579589844,46.40991973876953
vast-chess-8gpu-v89-v35-progressive-int8-sgd-reuse4-plateau,448,1789937046.7403433,224000,4215,114695280,458752000,12000000,12000000,0,1.8761647939682007,0.8069335222244263,3.035806655883789,0.059769999235868454,16518.447265625,61.991302490234375,48.27773666381836
vast-chess-8gpu-v89-v35-progressive-int8-sgd-reuse4-plateau,449,1789937235.9299982,224500,4022,114944736,459776000,12000000,12000000,0,1.8773307800292969,0.8057807087898254,3.0359690189361572,0.05967999994754791,16808.306640625,60.92225646972656,34.628170013427734
vast-chess-8gpu-v89-v35-progressive-int8-sgd-reuse4-plateau,450,1789937426.9936073,225000,4022,115200304,460800000,12000000,12000000,0,1.875551462173462,0.8081179857254028,3.036247730255127,0.05959000065922737,16477.005859375,62.14720916748047,40.16604995727539
vast-chess-8gpu-v89-v35-progressive-int8-sgd-reuse4-plateau,451,1789937630.254457,225500,4230,115464776,461824000,12000000,12000000,0,1.8756922483444214,0.8080664873123169,3.0366694927215576,0.05950000137090683,16873.486328125,60.68692398071289,49.05645751953125
vast-chess-8gpu-v89-v35-progressive-int8-sgd-reuse4-plateau,452,1789937826.9254248,226000,3872,115713336,462848000,12000000,12000000,0,1.8749231100082397,0.8085671663284302,3.0360546112060547,0.05940999835729599,15592.41015625,65.6729736328125,36.40449523925781
vast-chess-8gpu-v89-v35-progressive-int8-sgd-reuse4-plateau,453,1789938022.7551992,226500,4117,115978672,463872000,12000000,12000000,0,1.8750840425491333,0.8084512948989868,3.036341905593872,0.05931999906897545,16406.74609375,62.413352966308594,42.258026123046875
vast-chess-8gpu-v89-v35-progressive-int8-sgd-reuse4-plateau,454,1789938211.7724633,227000,3722,116227464,464896000,12000000,12000000,0,1.8738481998443604,0.8097255229949951,3.0362305641174316,0.05922999978065491,16598.517578125,61.6922607421875,35.646427154541016
vast-chess-8gpu-v89-v35-progressive-int8-sgd-reuse4-plateau,455,1789938416.889157,227500,4000,116485792,465920000,12000000,12000000,0,1.873921275138855,0.8088635206222534,3.035357713699341,0.059140000492334366,16425.69921875,62.34133529663086,51.260799407958984
vast-chess-8gpu-v89-v35-progressive-int8-sgd-reuse4-plateau,456,1789938604.757198,228000,3837,116743376,466944000,12000000,12000000,0,1.873984456062317,0.8089696168899536,3.035783290863037,0.059050001204013824,16590.560546875,61.72184371948242,34.668312072753906
vast-chess-8gpu-v89-v35-progressive-int8-sgd-reuse4-plateau,457,1789938804.7838342,228500,3898,116995216,467968000,12000000,12000000,0,1.8748977184295654,0.8100689053535461,3.03804874420166,0.058959998190402985,16432.29296875,62.316314697265625,39.989707946777344
vast-chess-8gpu-v89-v35-progressive-int8-sgd-reuse4-plateau,458,1789939003.8317459,229000,3952,117248616,468992000,12000000,12000000,0,1.8738797903060913,0.8093351125717163,3.0358848571777344,0.05886999890208244,16227.458984375,63.1029167175293,38.27317810058594
vast-chess-8gpu-v89-v35-progressive-int8-sgd-reuse4-plateau,459,1789939196.7449925,229500,4080,117510152,470016000,12000000,12000000,0,1.8736810684204102,0.8101208209991455,3.0364134311676025,0.0587799996137619,16398.330078125,62.44538116455078,39.56784439086914
vast-chess-8gpu-v89-v35-progressive-int8-sgd-reuse4-plateau,460,1789939401.306457,230000,3993,117769272,471040000,12000000,12000000,0,1.8722528219223022,0.8091684579849243,3.034132957458496,0.05869000032544136,16311.158203125,62.779109954833984,45.74356460571289
vast-chess-8gpu-v89-v35-progressive-int8-sgd-reuse4-plateau,461,1789939594.264083,230500,3780,118019264,472064000,12000000,12000000,0,1.8734596967697144,0.809069812297821,3.035099983215332,0.05860000103712082,16397.42578125,62.448829650878906,34.29245376586914
vast-chess-8gpu-v89-v35-progressive-int8-sgd-reuse4-plateau,462,1789939787.430261,231000,3928,118278776,473088000,12000000,12000000,0,1.8736157417297363,0.8094157576560974,3.035753011703491,0.05851000174880028,16441.79296875,62.280311584472656,39.7465934753418
vast-chess-8gpu-v89-v35-progressive-int8-sgd-reuse4-plateau,463,1789939987.5898323,231500,3882,118532368,474112000,12000000,12000000,0,1.871416687965393,0.8084261417388916,3.032376766204834,0.05841999873518944,16399.138671875,62.44230270385742,42.258243560791016
vast-chess-8gpu-v89-v35-progressive-int8-sgd-reuse4-plateau,464,1789940185.3281925,232000,3881,118784536,475136000,12000000,12000000,0,1.872986912727356,0.8085849285125732,3.034287214279175,0.058329999446868896,16501.810546875,62.05379867553711,40.31655502319336
vast-chess-8gpu-v89-v35-progressive-int8-sgd-reuse4-plateau,465,1789940378.7139993,232500,3906,119041800,476160000,12000000,12000000,0,1.873457670211792,0.8075502514839172,3.033686399459839,0.058240000158548355,15905.591796875,64.37987518310547,38.3560676574707
vast-chess-8gpu-v89-v35-progressive-int8-sgd-reuse4-plateau,466,1789940579.152124,233000,3959,119302064,477184000,12000000,12000000,0,1.8731924295425415,0.8070001602172852,3.032857656478882,0.058150000870227814,16234.5595703125,63.0753173828125,43.38475799560547
vast-chess-8gpu-v89-v35-progressive-int8-sgd-reuse4-plateau,467,1789940769.600523,233500,3941,119555208,478208000,12000000,12000000,0,1.873426079750061,0.8051983714103699,3.031219959259033,0.05806000158190727,16463.611328125,62.197776794433594,34.57135009765625
vast-chess-8gpu-v89-v35-progressive-int8-sgd-reuse4-plateau,468,1789940958.8352034,234000,4046,119809600,479232000,12000000,12000000,0,1.872206687927246,0.8066986799240112,3.031583309173584,0.05796999856829643,16567.861328125,61.80640411376953,35.73921203613281
vast-chess-8gpu-v89-v35-progressive-int8-sgd-reuse4-plateau,469,1789941155.2617846,234500,4146,120066648,480256000,12000000,12000000,0,1.8739923238754272,0.8067123293876648,3.033348321914673,0.05787999927997589,16228.7265625,63.09798812866211,41.21756362915039
vast-chess-8gpu-v89-v35-progressive-int8-sgd-reuse4-plateau,470,1789941360.8015103,235000,4177,120325504,481280000,12000000,12000000,0,1.8736822605133057,0.805514931678772,3.0319323539733887,0.05778999999165535,16663.546875,61.451499938964844,51.78544235229492
vast-chess-8gpu-v89-v35-progressive-int8-sgd-reuse4-plateau,471,1789941567.0198877,235500,4086,120587304,482304000,12000000,12000000,0,1.874955177307129,0.8052589297294617,3.032817840576172,0.05770000070333481,15837.076171875,64.65840148925781,49.395477294921875
vast-chess-8gpu-v89-v35-progressive-int8-sgd-reuse4-plateau,472,1789941755.714459,236000,4018,120844280,483328000,12000000,12000000,0,1.8749151229858398,0.8058353066444397,3.0332024097442627,0.05761000141501427,16661.36328125,61.45956039428711,33.38745880126953
vast-chess-8gpu-v89-v35-progressive-int8-sgd-reuse4-plateau,473,1789941947.2009661,236500,4066,121093504,484352000,12000000,12000000,0,1.874518632888794,0.8052979707717896,3.0323543548583984,0.05751999840140343,16392.640625,62.46706008911133,35.74533462524414
vast-chess-8gpu-v89-v35-progressive-int8-sgd-reuse4-plateau,474,1789942149.0491393,237000,4242,121349520,485376000,12000000,12000000,0,1.87405526638031,0.8041098117828369,3.030822992324829,0.057429999113082886,16649.955078125,61.501670837402344,47.176063537597656
vast-chess-8gpu-v89-v35-progressive-int8-sgd-reuse4-plateau,475,1789942344.2074783,237500,3984,121600424,486400000,12000000,12000000,0,1.8738679885864258,0.8040153980255127,3.0304603576660156,0.057339999824762344,16678.05078125,61.3980598449707,41.30259323120117
vast-chess-8gpu-v89-v35-progressive-int8-sgd-reuse4-plateau,476,1789942540.0529563,238000,3933,121856320,487424000,12000000,12000000,0,1.8732284307479858,0.8048408031463623,3.030456304550171,0.0572500005364418,16488.375,62.10436248779297,42.20347213745117
vast-chess-8gpu-v89-v35-progressive-int8-sgd-reuse4-plateau,477,1789942739.4644892,238500,4142,122115184,488448000,12000000,12000000,0,1.8727567195892334,0.8061671257019043,3.031484842300415,0.05716000124812126,16256.5556640625,62.98997497558594,44.29670715332031
vast-chess-8gpu-v89-v35-progressive-int8-sgd-reuse4-plateau,478,1789942936.3219707,239000,3928,122368976,489472000,12000000,12000000,0,1.873961091041565,0.8052999973297119,3.0317909717559814,0.05706999823451042,16216.3525390625,63.14613723754883,41.96482849121094
vast-chess-8gpu-v89-v35-progressive-int8-sgd-reuse4-plateau,479,1789943139.9643092,239500,4006,122626832,490496000,12000000,12000000,0,1.8733792304992676,0.8054232597351074,3.031297445297241,0.05697999894618988,16155.1015625,63.38555145263672,47.78916549682617
vast-chess-8gpu-v89-v35-progressive-int8-sgd-reuse4-plateau,480,1789943334.5761936,240000,4137,122880480,491520000,12000000,12000000,0,1.87467360496521,0.8031871318817139,3.030393123626709,0.05688999965786934,16629.30859375,61.57802200317383,40.25291061401367
vast-chess-8gpu-v90-resume-catchup-schedule,481,1789943780.774559,240500,1709,123137104,492544000,12000000,12000000,1,1.8458317518234253,0.7988215088844299,2.993546485900879,0.0568000003695488,14356.013671875,71.32899475097656,31.99446678161621
vast-chess-8gpu-v90-resume-catchup-schedule,482,1789943927.8972213,241000,4245,123426720,493568000,12000000,12000000,1,1.842074990272522,0.7988187670707703,2.988279104232788,0.056710001081228256,10180.87890625,100.58070373535156,22.614479064941406
vast-chess-8gpu-v90-resume-catchup-schedule,483,1789944213.650377,241500,2784,123648272,494592000,12000000,12000000,1,1.841843605041504,0.8014624714851379,2.990342617034912,0.056620001792907715,10633.2470703125,96.30171966552734,167.4166259765625
vast-chess-8gpu-v90-resume-catchup-schedule,484,1789944476.8433967,242000,2981,123911288,495616000,12000000,12000000,1,1.8495497703552246,0.7998480200767517,2.99708890914917,0.056529998779296875,11184.576171875,91.55464935302734,147.56008911132812
vast-chess-8gpu-v90-resume-catchup-schedule,485,1789944652.9058056,242500,2692,124161240,496640000,12000000,12000000,1,1.8613178730010986,0.7962984442710876,3.006002902984619,0.056439999490976334,11188.400390625,91.52335357666016,58.34446716308594
vast-chess-8gpu-v90-resume-catchup-schedule,486,1789944835.6262438,243000,2693,124419600,497664000,12000000,12000000,1,1.8738906383514404,0.7944536805152893,3.017629861831665,0.05635000020265579,11123.9736328125,92.05342864990234,65.67362976074219
vast-chess-8gpu-v91-resume-recalibrated-int8,487,1789946249.7043502,243500,804,124700560,498688000,12000000,12000000,1,1.8898354768753052,0.7899062037467957,3.030205726623535,0.05626000091433525,13760.033203125,74.41842651367188,15.788283348083496
vast-chess-8gpu-v91-resume-recalibrated-int8,488,1789946375.3089845,244000,3220,124962288,499712000,12000000,12000000,1,1.9054253101348877,0.7839728593826294,3.0414798259735107,0.05617000162601471,11830.421875,86.55650329589844,12.981077194213867
vast-chess-8gpu-v91-resume-recalibrated-int8,489,1789946494.1504712,244500,3193,125189352,500736000,12000000,12000000,1,1.9186455011367798,0.7795358896255493,3.051793336868286,0.05607999861240387,12078.900390625,84.77593231201172,7.566446781158447
vast-chess-8gpu-v91-resume-recalibrated-int8,490,1789946676.803194,245000,4276,125447224,501760000,12000000,12000000,1,1.9265666007995605,0.7790301442146301,3.060044288635254,0.05598999932408333,11365.6533203125,90.09600830078125,69.53167724609375
vast-chess-8gpu-v91-resume-recalibrated-int8,491,1789946907.3298008,245500,4217,125701016,502784000,12000000,12000000,1,1.9333595037460327,0.7780466079711914,3.0661799907684326,0.05590000003576279,10863.5126953125,94.26049041748047,110.48675537109375
vast-chess-8gpu-v91-resume-recalibrated-int8,492,1789947130.7112756,246000,4274,125962120,503808000,12000000,12000000,1,1.9388830661773682,0.7793717980384827,3.073638677597046,0.055810000747442245,11031.6552734375,92.82379150390625,105.4022445678711
vast-chess-8gpu-v91-resume-recalibrated-int8,493,1789947347.995324,246500,4368,126211848,504832000,12000000,12000000,1,1.941911220550537,0.7785012722015381,3.075948476791382,0.055720001459121704,11011.3291015625,92.99513244628906,100.83584594726562
vast-chess-8gpu-v91-resume-recalibrated-int8,494,1789947589.8266366,247000,4543,126470968,505856000,12000000,12000000,1,1.9423874616622925,0.7778797745704651,3.0762810707092285,0.055629998445510864,10821.8740234375,94.6231689453125,120.02303314208984
vast-chess-8gpu-v91-resume-recalibrated-int8,495,1789947800.0821815,247500,4262,126720400,506880000,12000000,12000000,1,1.945626974105835,0.7771640419960022,3.0790445804595947,0.05553999915719032,11760.3291015625,87.07239532470703,96.53165435791016
vast-chess-8gpu-v91-resume-recalibrated-int8,496,1789948005.06307,248000,4410,126979856,507904000,12000000,12000000,1,1.947192907333374,0.7760062217712402,3.0795061588287354,0.05544999986886978,11881.3310546875,86.18563079833984,96.84034729003906
vast-chess-8gpu-v91-resume-recalibrated-int8,497,1789948229.2816024,248500,4296,127232768,508928000,12000000,12000000,1,1.947982907295227,0.7753204107284546,3.0795905590057373,0.05536000058054924,11413.712890625,89.71664428710938,107.65364074707031
vast-chess-8gpu-v91-resume-recalibrated-int8,498,1789948443.3782978,249000,4589,127489704,509952000,12000000,12000000,1,1.9503309726715088,0.7731723189353943,3.0799334049224854,0.0552700012922287,11120.42578125,92.08280944824219,96.44007110595703
vast-chess-8gpu-v91-resume-recalibrated-int8,499,1789948664.9008737,249500,4422,127745720,510976000,12000000,12000000,1,1.9501750469207764,0.7732722163200378,3.0800769329071045,0.05517999827861786,11208.80078125,91.35678100585938,104.01980590820312
vast-chess-8gpu-v91-resume-recalibrated-int8,500,1789948890.1550567,250000,4344,128002336,512000000,12000000,12000000,1,1.9518388509750366,0.772702693939209,3.0813212394714355,0.05508999899029732,10851.7041015625,94.3630599975586,105.31348419189453
vast-chess-8gpu-v91-resume-recalibrated-int8,501,1789949102.1655781,250500,4375,128258024,513024000,12000000,12000000,1,1.9525917768478394,0.772469162940979,3.0819573402404785,0.054999999701976776,11305.8916015625,90.5722427368164,94.43263244628906
vast-chess-8gpu-v91-resume-recalibrated-int8,502,1789949320.5349393,251000,4195,128516352,514048000,12000000,12000000,1,1.953850507736206,0.7711588740348816,3.0818047523498535,0.054910000413656235,11169.9794921875,91.67430114746094,100.50586700439453
vast-chess-8gpu-v91-resume-recalibrated-int8,503,1789949518.5908515,251500,4419,128770480,515072000,12000000,12000000,1,1.9540807008743286,0.7705428600311279,3.081544876098633,0.05482000112533569,11748.47265625,87.16026306152344,84.14205932617188
vast-chess-8gpu-v91-resume-recalibrated-int8,504,1789949756.3079383,252000,4470,129031120,516096000,12000000,12000000,1,1.9532840251922607,0.7718204855918884,3.081962823867798,0.05473000183701515,11328.673828125,90.39010620117188,119.27154541015625
vast-chess-8gpu-v91-resume-recalibrated-int8,505,1789949982.4442258,252500,4296,129287232,517120000,12000000,12000000,1,1.954620122909546,0.7708868980407715,3.0824780464172363,0.05463999882340431,10481.390625,97.69695281982422,102.64029693603516
vast-chess-8gpu-v91-resume-recalibrated-int8,506,1789950194.8233802,253000,4064,129541824,518144000,12000000,12000000,1,1.9545668363571167,0.7707804441452026,3.0823118686676025,0.05454999953508377,11160.052734375,91.7558364868164,93.34487915039062
vast-chess-8gpu-v91-resume-recalibrated-int8,507,1789950401.4592407,253500,3986,129796312,519168000,12000000,12000000,1,1.955532193183899,0.7721771001815796,3.084859609603882,0.05446000024676323,11436.7197265625,89.53616333007812,88.63084411621094
vast-chess-8gpu-v91-resume-recalibrated-int8,508,1789950601.2533739,254000,4279,130051064,520192000,12000000,12000000,1,1.9560706615447998,0.7715010643005371,3.084679365158081,0.05437000095844269,11352.2294921875,90.20254516601562,84.81871795654297
vast-chess-8gpu-v91-resume-recalibrated-int8,509,1789950819.1093888,254500,4226,130312504,521216000,12000000,12000000,1,1.9572701454162598,0.7721844911575317,3.086923837661743,0.05428000167012215,11314.2333984375,90.5054702758789,98.34587097167969
vast-chess-8gpu-v91-resume-recalibrated-int8,510,1789951026.7421331,255000,3958,130562976,522240000,12000000,12000000,1,1.958073616027832,0.7717528343200684,3.0874035358428955,0.05418999865651131,11302.7822265625,90.59716796875,91.69965362548828
vast-chess-8gpu-v91-resume-recalibrated-int8,511,1789951238.3268788,255500,4226,130820512,523264000,12000000,12000000,1,1.958202600479126,0.7729208469390869,3.0886006355285645,0.054099999368190765,10972.8544921875,93.32120513916016,93.90538787841797
vast-chess-8gpu-v91-resume-recalibrated-int8,512,1789951459.9665759,256000,3906,131076312,524288000,12000000,12000000,1,1.9566282033920288,0.7724072933197021,3.086459159851074,0.054010000079870224,9961.9765625,102.79084014892578,90.12650299072266
vast-chess-8gpu-v91-resume-recalibrated-int8,513,1789951666.3470151,256500,4006,131333664,525312000,12000000,12000000,1,1.9577913284301758,0.7727488875389099,3.088059186935425,0.05392000079154968,11360.1220703125,90.13987731933594,89.8342056274414
vast-chess-8gpu-v91-resume-recalibrated-int8,514,1789951884.6586647,257000,4133,131592288,526336000,12000000,12000000,1,1.9576356410980225,0.7724799513816833,3.0876429080963135,0.05383000150322914,11573.1474609375,88.48068237304688,103.832275390625
vast-chess-8gpu-v91-resume-recalibrated-int8,515,1789952097.5360997,257500,4079,131843504,527360000,12000000,12000000,1,1.9576051235198975,0.7721328139305115,3.087275266647339,0.0537399984896183,11378.576171875,89.99368286132812,94.50347900390625
vast-chess-8gpu-v91-resume-recalibrated-int8,516,1789952322.5976768,258000,4181,132097304,528384000,12000000,12000000,1,1.9584909677505493,0.7717681527137756,3.088196039199829,0.05364999920129776,10778.1337890625,95.00717163085938,103.70054626464844
vast-chess-8gpu-v91-resume-recalibrated-int8,517,1789952535.7351518,258500,4181,132360408,529408000,12000000,12000000,1,1.9581865072250366,0.7723795175552368,3.0881969928741455,0.05355999991297722,11146.4306640625,91.86797332763672,95.98591613769531
vast-chess-8gpu-v91-resume-recalibrated-int8,518,1789952732.653201,259000,3999,132610480,530432000,12000000,12000000,1,1.9583598375320435,0.7720544338226318,3.088229179382324,0.05347000062465668,11493.5537109375,89.09342193603516,83.40584564208984
vast-chess-8gpu-v91-resume-recalibrated-int8,519,1789952954.2181613,259500,4271,132867024,531456000,12000000,12000000,1,1.957407832145691,0.7718733549118042,3.0870168209075928,0.053380001336336136,11531.3935546875,88.80106353759766,106.47540283203125
vast-chess-8gpu-v91-resume-recalibrated-int8,520,1789953161.9985895,260000,4284,133122784,532480000,12000000,12000000,1,1.959275245666504,0.7727092504501343,3.089831829071045,0.053289998322725296,11193.7529296875,91.4795913696289,90.0466537475586
vast-chess-8gpu-v91-resume-recalibrated-int8,521,1789953392.830528,260500,4200,133382600,533504000,12000000,12000000,1,1.958304762840271,0.7729519605636597,3.0893497467041016,0.053199999034404755,11109.041015625,92.17717742919922,108.96961975097656
vast-chess-8gpu-v91-resume-recalibrated-int8,522,1789953601.4901712,261000,4114,133633072,534528000,12000000,12000000,1,1.9573966264724731,0.7728388905525208,3.0880722999572754,0.05310999974608421,10520.34375,97.33522033691406,87.08356475830078
vast-chess-8gpu-v91-resume-recalibrated-int8,523,1789953807.6657293,261500,4333,133894064,535552000,12000000,12000000,1,1.9565536975860596,0.773566484451294,3.0880820751190186,0.05302000045776367,11732.349609375,87.28004455566406,95.85759735107422
vast-chess-8gpu-v91-resume-recalibrated-int8,524,1789954025.074536,262000,4200,134151872,536576000,12000000,12000000,1,1.96034836769104,0.7726231217384338,3.0910825729370117,0.05293000116944313,11297.2265625,90.64171600341797,104.8600082397461
vast-chess-8gpu-v91-resume-recalibrated-int8,525,1789954235.1858797,262500,3942,134400512,537600000,12000000,12000000,1,1.9600552320480347,0.7733075022697449,3.091533899307251,0.05283999815583229,11553.9228515625,88.6279067993164,95.06290435791016
vast-chess-8gpu-v91-resume-recalibrated-int8,526,1789954439.6740358,263000,4174,134661840,538624000,12000000,12000000,1,1.9590562582015991,0.7732901573181152,3.090630054473877,0.05274999886751175,11710.8037109375,87.44062805175781,94.2267074584961
vast-chess-8gpu-v91-resume-recalibrated-int8,527,1789954665.8178122,263500,4027,134912240,539648000,12000000,12000000,1,1.959355354309082,0.7742207646369934,3.0918619632720947,0.05265999957919121,11625.9736328125,88.07864379882812,112.19273376464844
vast-chess-8gpu-v91-resume-recalibrated-int8,528,1789954877.113942,264000,4042,135172512,540672000,12000000,12000000,1,1.960735559463501,0.7756998538970947,3.0947513580322266,0.052570000290870667,11309.1171875,90.5464096069336,95.94355773925781
vast-chess-8gpu-v91-resume-recalibrated-int8,529,1789955080.5386515,264500,4023,135429696,541696000,12000000,12000000,1,1.9606343507766724,0.7748866677284241,3.0937747955322266,0.052480001002550125,11276.513671875,90.8082046508789,87.67723083496094
vast-chess-8gpu-v91-resume-recalibrated-int8,530,1789955286.2060814,265000,4145,135683328,542720000,12000000,12000000,1,1.9589005708694458,0.7727254629135132,3.0898804664611816,0.052390001714229584,11414.25,89.71241760253906,92.00206756591797
vast-chess-8gpu-v91-resume-recalibrated-int8,531,1789955505.2618792,265500,4150,135942112,543744000,12000000,12000000,1,1.9511549472808838,0.7736120820045471,3.0825867652893066,0.052299998700618744,11448.048828125,89.44755554199219,102.8096694946289
vast-chess-8gpu-v91-resume-recalibrated-int8,532,1789955721.018487,266000,4163,136198080,544768000,12000000,12000000,1,1.9403568506240845,0.7774562835693359,3.074808359146118,0.0522099994122982,11453.76953125,89.40287780761719,98.58049774169922
vast-chess-8gpu-v91-resume-recalibrated-int8,533,1789955932.133993,266500,4043,136452288,545792000,12000000,12000000,1,1.928836703300476,0.7794923186302185,3.06430721282959,0.05212000012397766,10869.5576171875,94.20806121826172,93.18425750732422
vast-chess-8gpu-v91-resume-recalibrated-int8,534,1789956154.7764416,267000,4144,136713696,546816000,12000000,12000000,1,1.914923071861267,0.7827568054199219,3.0529160499572754,0.05203000083565712,11157.5673828125,91.77627563476562,103.80546569824219
vast-chess-8gpu-v91-resume-recalibrated-int8,535,1789956351.5467963,267500,4129,136964416,547840000,12000000,12000000,1,1.8995821475982666,0.7878343462944031,3.040910005569458,0.05194000154733658,11635.29296875,88.00809478759766,86.64855194091797
vast-chess-8gpu-v91-resume-recalibrated-int8,536,1789956584.4800322,268000,4272,137227328,548864000,12000000,12000000,1,1.887661337852478,0.7930119037628174,3.032987594604492,0.05184999853372574,11319.5390625,90.46305084228516,116.94355773925781
vast-chess-8gpu-v91-resume-recalibrated-int8,537,1789956791.849413,268500,4121,137479376,549888000,12000000,12000000,1,1.8785570859909058,0.7946434617042542,3.0246469974517822,0.0517599992454052,11207.5966796875,91.3666000366211,86.79058074951172
vast-chess-8gpu-v91-resume-recalibrated-int8,538,1789957007.086278,269000,4155,137730768,550912000,12000000,12000000,1,1.8710923194885254,0.7952316403388977,3.017310857772827,0.051669999957084656,11289.3056640625,90.70530700683594,97.84559631347656
vast-chess-8gpu-v91-resume-recalibrated-int8,539,1789957228.1842854,269500,4474,137987488,551936000,12000000,12000000,1,1.8664299249649048,0.7935681939125061,3.010549306869507,0.051580000668764114,11064.7724609375,92.54595947265625,101.49365997314453
vast-chess-8gpu-v91-resume-recalibrated-int8,540,1789957442.435753,270000,4341,138249024,552960000,12000000,12000000,1,1.8631055355072021,0.7944953441619873,3.0075695514678955,0.05149000138044357,11670.9580078125,87.73915100097656,101.29998779296875
vast-chess-8gpu-v91-resume-recalibrated-int8,541,1789957664.7300777,270500,4097,138502064,553984000,12000000,12000000,1,1.8613505363464355,0.7956809401512146,3.007028102874756,0.05139999836683273,11348.69140625,90.23066711425781,104.78742218017578
vast-chess-8gpu-v91-resume-recalibrated-int8,542,1789957874.5927765,271000,4072,138757760,555008000,12000000,12000000,1,1.8600220680236816,0.7964598536491394,3.006070852279663,0.05130999907851219,11299.8388671875,90.62075805664062,93.16896057128906
vast-chess-8gpu-v91-resume-recalibrated-int8,543,1789958076.5475626,271500,3898,139009392,556032000,12000000,12000000,1,1.856608271598816,0.7980297207832336,3.004434823989868,0.05121999979019165,11562.619140625,88.56124877929688,88.51069641113281
vast-chess-8gpu-v91-resume-recalibrated-int8,544,1789958295.3619118,272000,4059,139265200,557056000,12000000,12000000,1,1.856584906578064,0.7984259724617004,3.0045268535614014,0.05113000050187111,11031.9541015625,92.82127380371094,100.1124267578125
vast-chess-8gpu-v91-resume-recalibrated-int8,545,1789958518.277822,272500,4174,139525216,558080000,12000000,12000000,1,1.8561943769454956,0.7995975017547607,3.005187749862671,0.05104000121355057,11364.2060546875,90.10748291015625,106.93751525878906
vast-chess-8gpu-v91-resume-recalibrated-int8,546,1789958719.3141537,273000,3940,139779440,559104000,12000000,12000000,1,1.8533791303634644,0.8015744686126709,3.0041074752807617,0.05094999819993973,11268.9189453125,90.8694076538086,82.711181640625
vast-chess-8gpu-v91-resume-recalibrated-int8,547,1789958916.4124272,273500,4084,140032384,560128000,12000000,12000000,1,1.8549144268035889,0.8006198406219482,3.004751205444336,0.050859998911619186,11579.0439453125,88.43563079833984,83.21609497070312
vast-chess-8gpu-v91-resume-recalibrated-int8,548,1789959152.0794647,274000,4317,140296576,561152000,12000000,12000000,1,1.852373719215393,0.8008859753608704,3.002171754837036,0.050769999623298645,11048.037109375,92.68614959716797,115.60694122314453
vast-chess-8gpu-v91-resume-recalibrated-int8,549,1789959352.3700068,274500,4147,140544336,562176000,12000000,12000000,1,1.8508963584899902,0.8012399077415466,3.0007503032684326,0.050680000334978104,11175.0478515625,91.63272094726562,81.47404479980469
vast-chess-8gpu-v91-resume-recalibrated-int8,550,1789959575.7066014,275000,4321,140804304,563200000,12000000,12000000,1,1.8504719734191895,0.802453875541687,3.0019259452819824,0.05059000104665756,10800.7421875,94.80830383300781,106.72005462646484
vast-chess-8gpu-v91-resume-recalibrated-int8,551,1789959789.1448436,275500,4216,141064784,564224000,12000000,12000000,1,1.8503726720809937,0.8024255633354187,3.001437187194824,0.05050000175833702,11370.2412109375,90.05965423583984,96.4558334350586
vast-chess-8gpu-v91-resume-recalibrated-int8,552,1789959995.518968,276000,4131,141318176,565248000,12000000,12000000,1,1.8499189615249634,0.8018224239349365,3.000436782836914,0.05040999874472618,11648.9697265625,87.90476989746094,91.71331024169922
vast-chess-8gpu-v91-resume-recalibrated-int8,553,1789960223.1314273,276500,4021,141575520,566272000,12000000,12000000,1,1.8488575220108032,0.8030920624732971,3.0004494190216064,0.05031999945640564,11383.1240234375,89.95773315429688,108.1004409790039
vast-chess-8gpu-v91-resume-recalibrated-int8,554,1789960429.3270454,277000,4116,141830960,567296000,12000000,12000000,1,1.8482728004455566,0.8019932508468628,2.9989285469055176,0.0502300001680851,11241.3349609375,91.0923843383789,88.9020767211914
vast-chess-8gpu-v91-resume-recalibrated-int8,555,1789960644.1501698,277500,3945,142085392,568320000,12000000,12000000,1,1.847947359085083,0.8025607466697693,2.9990859031677246,0.05014000087976456,11590.93359375,88.34490966796875,101.40038299560547
vast-chess-8gpu-v91-resume-recalibrated-int8,556,1789960865.5144663,278000,4051,142342896,569344000,12000000,12000000,1,1.8475686311721802,0.8025670051574707,2.9985251426696777,0.050050001591444016,10952.505859375,93.49458312988281,101.8309326171875
vast-chess-8gpu-v91-resume-recalibrated-int8,557,1789961067.7059617,278500,4055,142602624,570368000,12000000,12000000,1,1.846821904182434,0.801912248134613,2.996910572052002,0.049959998577833176,11243.3623046875,91.07595825195312,89.18392181396484
vast-chess-8gpu-v91-resume-recalibrated-int8,558,1789961283.6979601,279000,4065,142856192,571392000,12000000,12000000,1,1.8459032773971558,0.8029384016990662,2.9970927238464355,0.049869999289512634,11292.357421875,90.68080139160156,99.98795318603516
vast-chess-8gpu-v91-resume-recalibrated-int8,559,1789961487.898343,279500,4018,143107776,572416000,12000000,12000000,1,1.8452969789505005,0.801977813243866,2.9955906867980957,0.04978000000119209,11710.056640625,87.44620513916016,91.98860931396484
vast-chess-8gpu-v91-resume-recalibrated-int8,560,1789961700.1160975,280000,4158,143370384,573440000,12000000,12000000,1,1.8456300497055054,0.8025606870651245,2.996337413787842,0.04969000071287155,11437.11328125,89.5330810546875,96.92913055419922
vast-chess-8gpu-v91-resume-recalibrated-int8,561,1789961909.176636,280500,3876,143616608,574464000,12000000,12000000,1,1.8453174829483032,0.8029003143310547,2.9964423179626465,0.04960000142455101,10790.2900390625,94.90013885498047,90.07849884033203
vast-chess-8gpu-v91-resume-recalibrated-int8,562,1789962131.8421016,281000,4175,143878720,575488000,12000000,12000000,1,1.844914197921753,0.803928792476654,2.9969239234924316,0.04950999841094017,11464.439453125,89.3196792602539,108.32845306396484
vast-chess-8gpu-v91-resume-recalibrated-int8,563,1789962346.7083607,281500,3952,144129104,576512000,12000000,12000000,1,1.8449639081954956,0.8044460415840149,2.997282028198242,0.04941999912261963,11359.544921875,90.14446258544922,101.95903778076172
vast-chess-8gpu-v91-resume-recalibrated-int8,564,1789962563.0017726,282000,3934,144386000,577536000,12000000,12000000,1,1.841800570487976,0.8048433065414429,2.9944159984588623,0.04932999983429909,11545.5009765625,88.69255828857422,102.78398895263672
vast-chess-8gpu-v91-resume-recalibrated-int8,565,1789962785.4612706,282500,3868,144643872,578560000,12000000,12000000,1,1.8432824611663818,0.8045649528503418,2.9957807064056396,0.049240000545978546,11080.275390625,92.41647338867188,100.52078247070312
vast-chess-8gpu-v91-resume-recalibrated-int8,566,1789962984.6921303,283000,3950,144901760,579584000,12000000,12000000,1,1.8423818349838257,0.8039257526397705,2.99397873878479,0.049150001257658005,11247.5869140625,91.041748046875,81.84939575195312
vast-chess-8gpu-v91-resume-recalibrated-int8,567,1789963190.3596346,283500,3862,145154080,580608000,12000000,12000000,1,1.8436216115951538,0.8029304146766663,2.994253635406494,0.049059998244047165,11157.2099609375,91.77921295166016,86.65306091308594
vast-chess-8gpu-v91-resume-recalibrated-int8,568,1789963388.027335,284000,3966,145410944,581632000,12000000,12000000,1,1.8424330949783325,0.8036308884620667,2.993652820587158,0.048969998955726624,11781.228515625,86.91793060302734,81.76384735107422
vast-chess-8gpu-v91-resume-recalibrated-int8,569,1789963623.7691624,284500,3949,145667632,582656000,12000000,12000000,1,1.8417397737503052,0.8037865161895752,2.993342876434326,0.04887999966740608,11040.123046875,92.75259399414062,113.8351821899414
vast-chess-8gpu-v91-resume-recalibrated-int8,570,1789963835.1290994,285000,4024,145927808,583680000,12000000,12000000,1,1.841309905052185,0.8029074668884277,2.991405963897705,0.04879000037908554,11256.8095703125,90.9671630859375,93.36740112304688
vast-chess-8gpu-v91-resume-recalibrated-int8,571,1789964031.250947,285500,3872,146176368,584704000,12000000,12000000,1,1.8410046100616455,0.8036978244781494,2.9923691749572754,0.048700001090765,11286.99609375,90.72386932373047,76.52348327636719
vast-chess-8gpu-v91-resume-recalibrated-int8,572,1789964247.7090607,286000,4304,146438576,585728000,12000000,12000000,1,1.8409841060638428,0.8033829927444458,2.99168062210083,0.04861000180244446,11136.7607421875,91.94774627685547,97.27508544921875
vast-chess-8gpu-v91-resume-recalibrated-int8,573,1789964460.3154066,286500,4063,146695456,586752000,12000000,12000000,1,1.8396092653274536,0.8038098216056824,2.990586280822754,0.04851999878883362,11149.3701171875,91.84375762939453,95.09300994873047
vast-chess-8gpu-v91-resume-recalibrated-int8,574,1789964668.6533356,287000,3984,146950768,587776000,12000000,12000000,1,1.8395079374313354,0.8049411773681641,2.9916322231292725,0.04842999950051308,11089.525390625,92.33939361572266,89.61397552490234
vast-chess-8gpu-v91-resume-recalibrated-int8,575,1789964889.3908966,287500,3870,147205152,588800000,12000000,12000000,1,1.8403581380844116,0.8036176562309265,2.991262435913086,0.048340000212192535,11034.763671875,92.79763793945312,104.33924865722656
vast-chess-8gpu-v91-resume-recalibrated-int8,576,1789965111.044267,288000,4106,147462128,589824000,12000000,12000000,1,1.8386121988296509,0.8032994270324707,2.988862991333008,0.048250000923871994,11357.4453125,90.16112518310547,105.95511627197266
vast-chess-8gpu-v91-resume-recalibrated-int8,577,1789965320.8819106,288500,4001,147721536,590848000,12000000,12000000,1,1.8386223316192627,0.8032652139663696,2.988828659057617,0.04816000163555145,11628.8056640625,88.05719757080078,96.54945373535156
vast-chess-8gpu-v91-resume-recalibrated-int8,578,1789965532.7391593,289000,4036,147972288,591872000,12000000,12000000,1,1.8387364149093628,0.8027963042259216,2.9885237216949463,0.04806999862194061,10772.8251953125,95.05398559570312,92.61044311523438
vast-chess-8gpu-v91-resume-recalibrated-int8,579,1789965748.5943458,289500,4170,148231904,592896000,12000000,12000000,1,1.8365983963012695,0.8026213049888611,2.986236095428467,0.04797999933362007,11728.681640625,87.30734252929688,106.00211334228516
vast-chess-8gpu-v91-resume-recalibrated-int8,580,1789965965.0691338,290000,3734,148481792,593920000,12000000,12000000,1,1.8376728296279907,0.8042993545532227,2.9889702796936035,0.04789000004529953,11693.8212890625,87.56761169433594,103.99150848388672
vast-chess-8gpu-v91-resume-recalibrated-int8,581,1789966169.4068131,290500,4146,148743520,594944000,12000000,12000000,1,1.8369762897491455,0.8034253716468811,2.9872374534606934,0.04780000075697899,11366.8369140625,90.08662414550781,88.7880859375
vast-chess-8gpu-v91-resume-recalibrated-int8,582,1789966373.9367843,291000,3717,148995264,595968000,12000000,12000000,1,1.8366711139678955,0.8042919039726257,2.987825393676758,0.04771000146865845,11195.9755859375,91.46143341064453,86.63626861572266
vast-chess-8gpu-v91-resume-recalibrated-int8,583,1789966580.7531457,291500,3872,149250432,596992000,12000000,12000000,1,1.8360161781311035,0.8046446442604065,2.9874563217163086,0.04761999845504761,11576.048828125,88.45851135253906,90.25640869140625
vast-chess-8gpu-v91-resume-recalibrated-int8,584,1789966786.0174465,292000,3865,149509824,598016000,12000000,12000000,1,1.83536958694458,0.8035142421722412,2.985370635986328,0.047529999166727066,10869.0380859375,94.21256256103516,89.85255432128906
vast-chess-8gpu-v91-resume-recalibrated-int8,585,1789966989.9638932,292500,4088,149764880,599040000,12000000,12000000,1,1.8339567184448242,0.8049002289772034,2.9855339527130127,0.047439999878406525,11573.669921875,88.47669219970703,90.75377655029297
vast-chess-8gpu-v91-resume-recalibrated-int8,586,1789967211.171413,293000,4271,150022464,600064000,12000000,12000000,1,1.8356934785842896,0.804665207862854,2.987100601196289,0.04735000059008598,11269.56640625,90.86418914794922,103.8811264038086
vast-chess-8gpu-v91-resume-recalibrated-int8,587,1789967416.7579558,293500,4000,150272800,601088000,12000000,12000000,1,1.8350976705551147,0.8045588135719299,2.986027717590332,0.04726000130176544,11580.9345703125,88.42118835449219,93.50415802001953
vast-chess-8gpu-v91-resume-recalibrated-int8,588,1789967637.0904126,294000,4231,150533824,602112000,12000000,12000000,1,1.8342450857162476,0.8045575618743896,2.9852001667022705,0.0471699982881546,11317.2197265625,90.48158264160156,105.74494934082031
vast-chess-8gpu-v91-resume-recalibrated-int8,589,1789967862.2203743,294500,4020,150791840,603136000,12000000,12000000,1,1.8342175483703613,0.8024629950523376,2.9829931259155273,0.04707999899983406,11566.009765625,88.53528594970703,108.766357421875
vast-chess-8gpu-v91-resume-recalibrated-int8,590,1789968068.464265,295000,4033,151047888,604160000,12000000,12000000,1,1.8338689804077148,0.8026383519172668,2.983142614364624,0.04698999971151352,10878.7568359375,94.1283950805664,86.87340545654297
vast-chess-8gpu-v91-resume-recalibrated-int8,591,1789968274.6987233,295500,3892,151302192,605184000,12000000,12000000,1,1.8327155113220215,0.8028433322906494,2.981703042984009,0.04690000042319298,11345.55859375,90.25558471679688,90.23011016845703
vast-chess-8gpu-v91-resume-recalibrated-int8,592,1789968483.9818175,296000,3993,151554272,606208000,12000000,12000000,1,1.832360029220581,0.8014055490493774,2.980121374130249,0.046810001134872437,11429.201171875,89.59506225585938,100.61034393310547
vast-chess-8gpu-v91-resume-recalibrated-int8,593,1789968695.6282935,296500,3782,151809856,607232000,12000000,12000000,1,1.8329269886016846,0.8027171492576599,2.9821033477783203,0.046720001846551895,11395.5576171875,89.85957336425781,97.18429565429688
vast-chess-8gpu-v91-resume-recalibrated-int8,594,1789968889.8340855,297000,3997,152068288,608256000,12000000,12000000,1,1.834391474723816,0.803369402885437,2.984058380126953,0.046629998832941055,11470.7109375,89.27083587646484,82.44023895263672
vast-chess-8gpu-v91-resume-recalibrated-int8,595,1789969114.535321,297500,4065,152323856,609280000,12000000,12000000,1,1.8335788249969482,0.8026981949806213,2.982318162918091,0.046539999544620514,10446.3994140625,98.02420806884766,101.59727478027344
vast-chess-8gpu-v91-resume-recalibrated-int8,596,1789969321.7619293,298000,4088,152584080,610304000,12000000,12000000,1,1.8341957330703735,0.8032559156417847,2.9833927154541016,0.04645000025629997,11399.1943359375,89.8309097290039,91.49347686767578
vast-chess-8gpu-v91-resume-recalibrated-int8,597,1789969538.975282,298500,4036,152832688,611328000,12000000,12000000,1,1.8328510522842407,0.8023577332496643,2.981447696685791,0.04636000096797943,11733.2060546875,87.27367401123047,105.5068359375
vast-chess-8gpu-v91-resume-recalibrated-int8,598,1789969759.0943236,299000,4060,153088112,612352000,12000000,12000000,1,1.8336435556411743,0.8012809157371521,2.9809563159942627,0.04627000167965889,11493.3720703125,89.09483337402344,102.03694915771484
vast-chess-8gpu-v91-resume-recalibrated-int8,599,1789969970.56407,299500,4123,153349888,613376000,12000000,12000000,1,1.8325031995773315,0.8013585209846497,2.979989767074585,0.04617999866604805,11156.7548828125,91.782958984375,94.08724975585938
vast-chess-8gpu-v91-resume-recalibrated-int8,600,1789970173.4939954,300000,3882,153600688,614400000,12000000,12000000,1,1.8323900699615479,0.8000926375389099,2.9783880710601807,0.04608999937772751,11269.126953125,90.86772918701172,84.826416015625
vast-chess-8gpu-v91-resume-recalibrated-int8,601,1789970400.890558,300500,3978,153862880,615424000,12000000,12000000,1,1.831941843032837,0.8007864356040955,2.9785008430480957,0.04600000008940697,10608.4580078125,96.5267562866211,107.7962646484375
vast-chess-8gpu-v91-resume-recalibrated-int8,602,1789970608.2498724,301000,3848,154116560,616448000,12000000,12000000,1,1.8317214250564575,0.8010709285736084,2.9788544178009033,0.045910000801086426,11399.2041015625,89.8308334350586,90.41291046142578
vast-chess-8gpu-v91-resume-recalibrated-int8,603,1789970815.180776,301500,3896,154370592,617472000,12000000,12000000,1,1.8316032886505127,0.8013759255409241,2.97908878326416,0.045820001512765884,11554.5947265625,88.62275695800781,92.50528717041016
vast-chess-8gpu-v91-resume-recalibrated-int8,604,1789971014.0668395,302000,4039,154624304,618496000,12000000,12000000,1,1.8303569555282593,0.800820529460907,2.977142095565796,0.045729998499155045,11531.7529296875,88.79830169677734,82.32150268554688
vast-chess-8gpu-v91-resume-recalibrated-int8,605,1789971230.7730389,302500,4259,154885968,619520000,12000000,12000000,1,1.8314722776412964,0.801048994064331,2.9786376953125,0.0456399992108345,11321.3759765625,90.44837188720703,101.3418197631836
vast-chess-8gpu-v91-resume-recalibrated-int8,606,1789971461.4470766,303000,4162,155141216,620544000,12000000,12000000,1,1.8296841382980347,0.8003113865852356,2.9757018089294434,0.04554999992251396,10976.1064453125,93.2935562133789,109.36357879638672
vast-chess-8gpu-v91-resume-recalibrated-int8,607,1789971675.169483,303500,4006,155393808,621568000,12000000,12000000,1,1.830969214439392,0.7988115549087524,2.9756853580474854,0.04546000063419342,10624.4423828125,96.38152313232422,92.49238586425781
vast-chess-8gpu-v91-resume-recalibrated-int8,608,1789971883.5943038,304000,4020,155653008,622592000,12000000,12000000,1,1.8309781551361084,0.7988386154174805,2.975844383239746,0.04537000134587288,11399.115234375,89.83152770996094,93.60993957519531
vast-chess-8gpu-v91-resume-recalibrated-int8,609,1789972097.7957509,304500,4210,155915056,623616000,12000000,12000000,1,1.8316899538040161,0.7986485958099365,2.9761881828308105,0.04527999833226204,11264.7958984375,90.90266418457031,98.46329498291016
vast-chess-8gpu-v91-resume-recalibrated-int8,610,1789972301.8761744,305000,3885,156163520,624640000,12000000,12000000,1,1.8311688899993896,0.7995389103889465,2.9765424728393555,0.0451899990439415,11649.806640625,87.89845275878906,89.2534408569336
vast-chess-8gpu-v91-resume-recalibrated-int8,611,1789972504.38481,305500,3760,156421264,625664000,12000000,12000000,1,1.8312839269638062,0.7997875809669495,2.9768335819244385,0.045099999755620956,11233.1796875,91.15851593017578,86.1382827758789
vast-chess-8gpu-v91-resume-recalibrated-int8,612,1789972721.4979641,306000,3881,156676128,626688000,12000000,12000000,1,1.8307762145996094,0.8004312515258789,2.977151393890381,0.045010000467300415,10640.931640625,96.23217010498047,93.58456420898438
vast-chess-8gpu-v91-resume-recalibrated-int8,613,1789972934.3527496,306500,4128,156937184,627712000,12000000,12000000,1,1.831683874130249,0.8015459775924683,2.9790873527526855,0.044920001178979874,11346.1962890625,90.2505111694336,99.00028228759766
vast-chess-8gpu-v91-resume-recalibrated-int8,614,1789973138.2959151,307000,3944,157194752,628736000,12000000,12000000,1,1.830713152885437,0.8002730011940002,2.976973056793213,0.044829998165369034,11493.9638671875,89.09024047851562,92.40768432617188
vast-chess-8gpu-v91-resume-recalibrated-int8,615,1789973353.664011,307500,3883,157443696,629760000,12000000,12000000,1,1.8288522958755493,0.8010082840919495,2.9756081104278564,0.04473999887704849,11157.1943359375,91.77934265136719,96.9090347290039
vast-chess-8gpu-v91-resume-recalibrated-int8,616,1789973561.0128398,308000,3975,157696576,630784000,12000000,12000000,1,1.828338384628296,0.7997270822525024,2.973665714263916,0.04464999958872795,11372.197265625,90.0441665649414,91.68060302734375
vast-chess-8gpu-v91-resume-recalibrated-int8,617,1789973775.3635156,308500,4144,157956848,631808000,12000000,12000000,1,1.8305330276489258,0.7996610403060913,2.9760992527008057,0.04456000030040741,11331.8134765625,90.36505889892578,101.42060852050781
vast-chess-8gpu-v91-resume-recalibrated-int8,618,1789973996.8773954,309000,4008,158210848,632832000,12000000,12000000,1,1.8284938335418701,0.799785852432251,2.9740068912506104,0.04447000101208687,10700.94921875,95.69244384765625,98.83222198486328
vast-chess-8gpu-v91-resume-recalibrated-int8,619,1789974195.9941883,309500,3896,158464944,633856000,12000000,12000000,1,1.8300491571426392,0.7988283038139343,2.9745259284973145,0.04438000172376633,11443.123046875,89.4860610961914,87.810546875
vast-chess-8gpu-v91-resume-recalibrated-int8,620,1789974416.1103709,310000,3888,158726608,634880000,12000000,12000000,1,1.8294748067855835,0.7995166778564453,2.974730968475342,0.04428999871015549,11365.07421875,90.10059356689453,107.99449920654297
vast-chess-8gpu-v91-resume-recalibrated-int8,621,1789974640.2711556,310500,3964,158981376,635904000,12000000,12000000,1,1.8304301500320435,0.7981201410293579,2.974619150161743,0.044199999421834946,11245.5888671875,91.05792236328125,105.2662353515625
vast-chess-8gpu-v91-resume-recalibrated-int8,622,1789974856.945885,311000,3817,159241744,636928000,12000000,12000000,1,1.8293038606643677,0.797607421875,2.9728267192840576,0.044110000133514404,11475.1728515625,89.23612976074219,105.05413818359375
vast-chess-8gpu-v91-resume-recalibrated-int8,623,1789975067.656374,311500,3884,159494896,637952000,12000000,12000000,1,1.8296701908111572,0.7973178029060364,2.972903251647949,0.04402000084519386,11314.9326171875,90.49987030029297,99.42694854736328
vast-chess-8gpu-v91-resume-recalibrated-int8,624,1789975283.1303704,312000,3913,159755520,638976000,12000000,12000000,1,1.830587387084961,0.7980560660362244,2.9742183685302734,0.04393000155687332,10960.99609375,93.42216491699219,92.45294189453125
vast-chess-8gpu-v91-resume-recalibrated-int8,625,1789975475.492602,312500,3778,160011328,640000000,12000000,12000000,1,1.8294086456298828,0.7994924187660217,2.974810838699341,0.04383999854326248,11219.3935546875,91.2705307006836,75.8891372680664
vast-chess-8gpu-v91-resume-recalibrated-int8,626,1789975667.4056995,313000,3951,160259296,641024000,12000000,12000000,1,1.8287297487258911,0.7981999516487122,2.9726126194000244,0.04374999925494194,11441.3212890625,89.50015258789062,74.41781616210938
vast-chess-8gpu-v91-resume-recalibrated-int8,627,1789975875.0419686,313500,4314,160518384,642048000,12000000,12000000,1,1.8308311700820923,0.7980595827102661,2.9747536182403564,0.0436599999666214,11693.314453125,87.57140350341797,92.2812271118164
vast-chess-8gpu-v91-resume-recalibrated-int8,628,1789976105.8740265,314000,4219,160777152,643072000,12000000,12000000,1,1.8269453048706055,0.7984367609024048,2.9712400436401367,0.04357000067830086,11126.12109375,92.0356674194336,112.68402099609375
vast-chess-8gpu-v91-resume-recalibrated-int8,629,1789976323.1024168,314500,4067,161026336,644096000,12000000,12000000,1,1.8283652067184448,0.796994149684906,2.9710662364959717,0.043480001389980316,10490.6162109375,97.61104583740234,91.99549865722656
vast-chess-8gpu-v91-resume-recalibrated-int8,630,1789976542.7343526,315000,3864,161282864,645120000,12000000,12000000,1,1.8302440643310547,0.7974900007247925,2.9735267162323,0.043389998376369476,11085.0078125,92.37702178955078,104.23470306396484
vast-chess-8gpu-v91-resume-recalibrated-int8,631,1789976746.506452,315500,3935,161536992,646144000,12000000,12000000,1,1.8306297063827515,0.7964107394218445,2.9730656147003174,0.043299999088048935,11282.0869140625,90.76335144042969,87.99049377441406
vast-chess-8gpu-v91-resume-recalibrated-int8,632,1789976958.0713475,316000,4074,161797040,647168000,12000000,12000000,1,1.8279271125793457,0.796466588973999,2.970140218734741,0.043209999799728394,11147.0224609375,91.86309051513672,95.82808685302734
vast-chess-8gpu-v91-resume-recalibrated-int8,633,1789977177.0036314,316500,4097,162057488,648192000,12000000,12000000,1,1.8283485174179077,0.797772228717804,2.9716944694519043,0.04312000051140785,11341.0048828125,90.29182434082031,104.46546936035156
vast-chess-8gpu-v91-resume-recalibrated-int8,634,1789977376.1688683,317000,3791,162307488,649216000,12000000,12000000,1,1.828800916671753,0.7983109354972839,2.973005771636963,0.04303000122308731,11268.0263671875,90.87660217285156,80.82171630859375
vast-chess-8gpu-v91-resume-recalibrated-int8,635,1789977590.759298,317500,3830,162561744,650240000,12000000,12000000,1,1.8286374807357788,0.7990077137947083,2.973379135131836,0.04293999820947647,10767.40234375,95.10186004638672,92.98249053955078
vast-chess-8gpu-v91-resume-recalibrated-int8,636,1789977799.2938325,318000,4314,162823232,651264000,12000000,12000000,1,1.8295925855636597,0.7978805899620056,2.9733753204345703,0.04284999892115593,11111.9228515625,92.15326690673828,95.17859649658203
vast-chess-8gpu-v91-resume-recalibrated-int8,637,1789978017.8936982,318500,3944,163073248,652288000,12000000,12000000,1,1.8285120725631714,0.7975227236747742,2.971802234649658,0.04275999963283539,11087.7568359375,92.35411834716797,101.68505859375
vast-chess-8gpu-v91-resume-recalibrated-int8,638,1789978232.1955335,319000,4108,163332864,653312000,12000000,12000000,1,1.8281431198120117,0.7974241375923157,2.9711456298828125,0.04267000034451485,11099.8603515625,92.25341033935547,98.65309143066406
vast-chess-8gpu-v91-resume-recalibrated-int8,639,1789978456.3263319,319500,4007,163590224,654336000,12000000,12000000,1,1.8279764652252197,0.7979281544685364,2.9716200828552246,0.042580001056194305,10834.37890625,94.51395416259766,107.06907653808594
vast-chess-8gpu-v91-resume-recalibrated-int8,640,1789978665.0266976,320000,3843,163843760,655360000,12000000,12000000,1,1.829412579536438,0.7966193556785583,2.9717583656311035,0.042490001767873764,11072.9296875,92.477783203125,88.45783233642578
vast-chess-8gpu-v91-resume-recalibrated-int8,641,1789978869.9402695,320500,3939,164098704,656384000,12000000,12000000,1,1.8270047903060913,0.7957913875579834,2.968667984008789,0.042399998754262924,10859.4658203125,94.29561614990234,87.0810775756836
vast-chess-8gpu-v91-resume-recalibrated-int8,642,1789979210.4302173,321000,4129,164355344,657408000,12000000,12000000,1,1.8282526731491089,0.7964568734169006,2.9703633785247803,0.04230999946594238,11316.7041015625,90.48571014404297,82.1485824584961
vast-chess-8gpu-v91-resume-recalibrated-int8,643,1789979463.4072287,321500,4174,164616032,658432000,12000000,12000000,1,1.8291776180267334,0.7964056134223938,2.9713287353515625,0.04222000017762184,11137.5244140625,91.94143676757812,25.039527893066406
vast-chess-8gpu-v91-resume-recalibrated-int8,644,1789979725.2751546,322000,4024,164870832,659456000,12000000,12000000,1,1.8294485807418823,0.7963436245918274,2.971803903579712,0.0421300008893013,11212.119140625,91.32974243164062,35.50493621826172
vast-chess-8gpu-v91-resume-recalibrated-int8,645,1789979984.170811,322500,4040,165131488,660480000,12000000,12000000,1,1.8269058465957642,0.7961718440055847,2.9688589572906494,0.04204000160098076,11285.1064453125,90.73906707763672,30.960859298706055
vast-chess-8gpu-v91-resume-recalibrated-int8,646,1789980241.2294257,323000,3993,165380176,661504000,12000000,12000000,1,1.8284895420074463,0.797751784324646,2.971977710723877,0.04194999858736992,10541.71484375,97.13790130615234,28.00360870361328
vast-chess-8gpu-v91-resume-recalibrated-int8,647,1789980514.7744732,323500,4127,165641776,662528000,12000000,12000000,1,1.8285244703292847,0.7975826859474182,2.9716086387634277,0.04185999929904938,11610.4765625,88.19620513916016,48.13440704345703
vast-chess-8gpu-v91-resume-recalibrated-int8,648,1789980765.8228195,324000,4006,165901936,663552000,12000000,12000000,1,1.827318787574768,0.7965525984764099,2.969627618789673,0.041770000010728836,11359.291015625,90.14646911621094,24.596145629882812
vast-chess-8gpu-v92-real-position-fidelity,649,1789981227.7400637,324500,831,166155136,664576000,12000000,12000000,1,1.8282949924468994,0.7984252572059631,2.972550392150879,0.041680000722408295,11625.5419921875,88.08191680908203,7.7945876121521
vast-chess-8gpu-v92-real-position-fidelity,650,1789981477.8199742,325000,4397,166429808,665600000,12000000,12000000,1,1.8263813257217407,0.7976546883583069,2.969226837158203,0.04159000143408775,10341.2470703125,99.02093505859375,17.871776580810547
vast-chess-8gpu-v92-real-position-fidelity,651,1789981719.3975053,325500,4064,166687136,666624000,12000000,12000000,1,1.8254913091659546,0.7980819940567017,2.9688572883605957,0.04149999842047691,11446.57421875,89.45907592773438,18.367469787597656
vast-chess-8gpu-v92-real-position-fidelity,652,1789981952.6067896,326000,3780,166922624,667648000,12000000,12000000,1,1.825230598449707,0.7982441186904907,2.969062089920044,0.04140999913215637,11992.521484375,85.38655090332031,16.978158950805664
vast-chess-8gpu-v92-real-position-fidelity,653,1789982224.8539085,326500,4212,167179712,668672000,12000000,12000000,1,1.8241362571716309,0.7985885739326477,2.968132495880127,0.04131999984383583,11355.9443359375,90.17303466796875,47.777584075927734
vast-chess-8gpu-v92-real-position-fidelity,654,1789982471.6308672,327000,3664,167424944,669696000,12000000,12000000,1,1.8257111310958862,0.7990067601203918,2.970019817352295,0.04123000055551529,11413.306640625,89.71984100341797,24.526105880737305
vast-chess-8gpu-v92-real-position-fidelity,655,1789982733.681906,327500,4022,167683920,670720000,12000000,12000000,1,1.8253167867660522,0.799476683139801,2.970167636871338,0.04114000126719475,10788.1884765625,94.91862487792969,32.03649139404297
vast-chess-8gpu-v92-real-position-fidelity,656,1789982984.430145,328000,4049,167938080,671744000,12000000,12000000,1,1.8263494968414307,0.7998547554016113,2.971740245819092,0.04104999825358391,11595.423828125,88.31070709228516,31.703153610229492
vast-chess-8gpu-v92-real-position-fidelity,657,1789983249.7892861,328500,4178,168197040,672768000,12000000,12000000,1,1.8252657651901245,0.7996863722801208,2.9703855514526367,0.04095999896526337,11226.5634765625,91.21224212646484,42.031028747558594
vast-chess-8gpu-v92-real-position-fidelity,658,1789983505.4308712,329000,3923,168448960,673792000,12000000,12000000,1,1.8256036043167114,0.7993375062942505,2.970691204071045,0.040869999676942825,11180.6181640625,91.58706665039062,29.400436401367188
vast-chess-8gpu-v92-real-position-fidelity,659,1789983773.1256282,329500,4130,168709616,674816000,12000000,12000000,1,1.8246768712997437,0.7993305921554565,2.9695472717285156,0.040780000388622284,10717.8779296875,95.54129791259766,34.58558654785156
vast-chess-8gpu-v92-real-position-fidelity,660,1789984034.1935954,330000,4115,168967008,675840000,12000000,12000000,1,1.825210690498352,0.7988405823707581,2.9695982933044434,0.04069000110030174,11349.62109375,90.22328186035156,34.302024841308594
vast-chess-8gpu-v92-real-position-fidelity,661,1789984287.4386475,330500,3746,169216240,676864000,12000000,12000000,1,1.825049877166748,0.7990423440933228,2.9693074226379395,0.0406000018119812,10833.220703125,94.52406311035156,24.234127044677734
vast-chess-8gpu-v92-real-position-fidelity,662,1789984540.411818,331000,3995,169473120,677888000,12000000,12000000,1,1.8243402242660522,0.7989835143089294,2.9687306880950928,0.04050999879837036,11326.3583984375,90.40858459472656,30.02942657470703
vast-chess-8gpu-v92-real-position-fidelity,663,1789984799.4384503,331500,3928,169731008,678912000,12000000,12000000,1,1.8239250183105469,0.800360918045044,2.969611167907715,0.04041999951004982,11021.8623046875,92.90625762939453,31.026063919067383
vast-chess-8gpu-v92-real-position-fidelity,664,1789985078.2930868,332000,4077,169991200,679936000,12000000,12000000,1,1.8231912851333618,0.7991933822631836,2.967456340789795,0.04033000022172928,10668.986328125,95.9791259765625,44.706233978271484
vast-chess-8gpu-v92-real-position-fidelity,665,1789985334.062868,332500,3881,170243408,680960000,12000000,12000000,1,1.824517846107483,0.7991135716438293,2.9690563678741455,0.04024000093340874,11009.51171875,93.01048278808594,25.338111877441406
vast-chess-8gpu-v93-latch-reset,666,1789986019.5152676,333000,2096,170513504,681984000,12000000,12000000,1,1.8245208263397217,0.8002005815505981,2.9703211784362793,0.040150001645088196,11465.29296875,89.31302642822266,19.802448272705078
vast-chess-8gpu-v93-latch-reset,667,1789986185.4702947,333500,3790,170758976,683008000,12000000,12000000,1,1.8241561651229858,0.8002721667289734,2.9697983264923096,0.040059998631477356,10836.640625,94.49423217773438,45.25762939453125
vast-chess-8gpu-v93-latch-reset,668,1789986407.7657032,334000,3924,171017616,684032000,12000000,12000000,1,1.824339747428894,0.8001231551170349,2.969695806503296,0.039969999343156815,11273.572265625,90.83190155029297,104.98504638671875
vast-chess-8gpu-v93-latch-reset,669,1789986622.8552155,334500,3992,171271040,685056000,12000000,12000000,1,1.8235605955123901,0.7997332215309143,2.968388557434082,0.03988000005483627,10736.40234375,95.37645721435547,90.6688003540039
vast-chess-8gpu-v93-latch-reset,670,1789986828.8321807,335000,4012,171526656,686080000,12000000,12000000,1,1.824118733406067,0.800483763217926,2.9695699214935303,0.03979000076651573,11529.3349609375,88.8169174194336,90.91851806640625
vast-chess-8gpu-v93-latch-reset,671,1789987041.9895446,335500,3909,171779200,687104000,12000000,12000000,1,1.824315071105957,0.8002955317497253,2.9700214862823486,0.03970000147819519,11183.28515625,91.56522369384766,95.88939666748047
vast-chess-8gpu-v93-latch-reset,672,1789987254.1306672,336000,4207,172041248,688128000,12000000,12000000,1,1.822461485862732,0.7995356917381287,2.9669508934020996,0.03960999846458435,11341.4794921875,90.28804016113281,95.6677474975586
vast-chess-8gpu-v93-latch-reset,673,1789987472.3300843,336500,4026,172299104,689152000,12000000,12000000,1,1.8233232498168945,0.8000268340110779,2.9687438011169434,0.03951999917626381,10862.36328125,94.27045440673828,95.03800964355469
vast-chess-8gpu-v93-latch-reset,674,1789987671.881357,337000,3891,172545504,690176000,12000000,12000000,1,1.8226121664047241,0.8007058501243591,2.968341588973999,0.03942999988794327,11124.7998046875,92.04660034179688,83.50261688232422
vast-chess-8gpu-v93-latch-reset,675,1789987894.2599547,337500,4039,172802528,691200000,12000000,12000000,1,1.8231000900268555,0.8008834719657898,2.9691333770751953,0.039340000599622726,10964.6572265625,93.39097595214844,107.37798309326172
vast-chess-8gpu-v93-latch-reset,676,1789988115.0312219,338000,3999,173069296,692224000,12000000,12000000,1,1.8229635953903198,0.8015990257263184,2.969404697418213,0.039250001311302185,10958.046875,93.44731140136719,101.98931121826172
vast-chess-8gpu-v93-latch-reset,677,1789988316.6375525,338500,3829,173316144,693248000,12000000,12000000,1,1.823468804359436,0.8013296723365784,2.969421625137329,0.039159998297691345,11208.48828125,91.35932922363281,84.13060760498047
vast-chess-8gpu-v93-latch-reset,678,1789988516.6132352,339000,3814,173569696,694272000,12000000,12000000,1,1.8221296072006226,0.8021592497825623,2.969379186630249,0.039069999009370804,11503.2431640625,89.01837158203125,84.04490661621094
vast-chess-8gpu-v93-latch-reset,679,1789988720.7722037,339500,3775,173827824,695296000,12000000,12000000,1,1.8236833810806274,0.8026736378669739,2.9714317321777344,0.03897999972105026,11353.8642578125,90.1895523071289,85.5399169921875
vast-chess-8gpu-v93-latch-reset,680,1789988938.5851855,340000,4244,174085488,696320000,12000000,12000000,1,1.8245238065719604,0.8018628358840942,2.9717068672180176,0.03889000043272972,10500.5576171875,97.51863098144531,93.92018127441406
vast-chess-8gpu-v93-latch-reset,681,1789989159.2840815,340500,4098,174341936,697344000,12000000,12000000,1,1.8229825496673584,0.8009496331214905,2.969104528427124,0.03880000114440918,11305.4306640625,90.57593536376953,104.28750610351562
vast-chess-8gpu-v93-latch-reset,682,1789989380.608835,341000,4190,174600128,698368000,12000000,12000000,1,1.8231513500213623,0.7997540235519409,2.968156099319458,0.03871000185608864,11233.087890625,91.15926361083984,104.56238555908203
vast-chess-8gpu-v93-latch-reset,683,1789989591.004881,341500,4111,174854960,699392000,12000000,12000000,1,1.8235011100769043,0.8004655838012695,2.9692437648773193,0.0386199988424778,11145.705078125,91.87395477294922,91.15313720703125
vast-chess-8gpu-v93-latch-reset,684,1789989786.1033854,342000,4007,175108656,700416000,12000000,12000000,1,1.8227174282073975,0.8007477521896362,2.9687488079071045,0.03852999955415726,12167.8115234375,84.15646362304688,85.23335266113281
vast-chess-8gpu-v93-latch-reset,685,1789989995.1989775,342500,4021,175360352,701440000,12000000,12000000,1,1.8228890895843506,0.801675021648407,2.9696204662323,0.038440000265836716,11253.1337890625,90.99687957763672,92.61932373046875
vast-chess-8gpu-v93-latch-reset,686,1789990215.0490255,343000,3984,175617120,702464000,12000000,12000000,1,1.8223270177841187,0.8027153015136719,2.9701900482177734,0.038350000977516174,11179.6875,91.59469604492188,104.62166595458984
vast-chess-8gpu-v93-latch-reset,687,1789990431.9057267,343500,4078,175877264,703488000,12000000,12000000,1,1.8242655992507935,0.8016423583030701,2.9711294174194336,0.03826000168919563,10914.572265625,93.81952667236328,98.82099914550781
vast-chess-8gpu-v93-latch-reset,688,1789990642.7122388,344000,3950,176134224,704512000,12000000,12000000,1,1.8222389221191406,0.8018286824226379,2.9693520069122314,0.03816999867558479,11173.8720703125,91.6423568725586,91.86648559570312
vast-chess-8gpu-v93-latch-reset,689,1789990851.8837304,344500,3880,176391824,705536000,12000000,12000000,1,1.8214510679244995,0.8038960695266724,2.970543146133423,0.03807999938726425,11177.8466796875,91.60977172851562,88.32596588134766
vast-chess-8gpu-v93-latch-reset,690,1789991044.2862737,345000,4043,176649792,706560000,12000000,12000000,1,1.8227027654647827,0.8027005791664124,2.9705092906951904,0.03799000009894371,11308.6640625,90.55004119873047,80.15643310546875
vast-chess-8gpu-v93-latch-reset,691,1789991266.7647734,345500,4153,176901408,707584000,12000000,12000000,1,1.8227624893188477,0.8026440143585205,2.9707679748535156,0.03790000081062317,11125.96875,92.03693389892578,105.06175994873047
vast-chess-8gpu-v93-latch-reset,692,1789991482.3627095,346000,4082,177152496,708608000,12000000,12000000,1,1.8220950365066528,0.8020053505897522,2.9692580699920654,0.03781000152230263,10945.703125,93.55268859863281,95.50703430175781
vast-chess-8gpu-v93-latch-reset,693,1789991690.7963238,346500,4100,177412800,709632000,12000000,12000000,1,1.8224984407424927,0.8019578456878662,2.9695048332214355,0.03771999850869179,11483.8828125,89.16844940185547,94.3064956665039
vast-chess-8gpu-v93-latch-reset,694,1789991901.1135767,347000,4058,177672032,710656000,12000000,12000000,1,1.8206737041473389,0.8017024397850037,2.967499017715454,0.037629999220371246,11438.34375,89.52345275878906,93.73199462890625
vast-chess-8gpu-v93-latch-reset,695,1789992111.1050704,347500,3852,177921856,711680000,12000000,12000000,1,1.8218538761138916,0.8014254570007324,2.9682888984680176,0.037539999932050705,11346.232421875,90.25022888183594,96.33568572998047
vast-chess-8gpu-v93-latch-reset,696,1789992333.9801269,348000,3979,178179632,712704000,12000000,12000000,1,1.822250485420227,0.8007373213768005,2.9678516387939453,0.037450000643730164,11305.0654296875,90.57886505126953,106.7290267944336
vast-chess-8gpu-v93-latch-reset,697,1789992559.2956896,348500,3897,178432352,713728000,12000000,12000000,1,1.8221416473388672,0.8007625341415405,2.967925786972046,0.03736000135540962,10663.1640625,96.03153228759766,104.55513000488281
vast-chess-8gpu-v93-latch-reset,698,1789992777.0821536,349000,4170,178691856,714752000,12000000,12000000,1,1.8207381963729858,0.7991949319839478,2.9648959636688232,0.03726999834179878,11175.2138671875,91.63135528564453,99.9829330444336
vast-chess-8gpu-v93-latch-reset,699,1789992981.1777039,349500,3890,178950848,715776000,12000000,12000000,1,1.821897029876709,0.7995709180831909,2.9665231704711914,0.03717999905347824,11507.681640625,88.98403930664062,87.65288543701172
vast-chess-8gpu-v93-latch-reset,700,1789993199.580277,350000,3637,179201792,716800000,12000000,12000000,1,1.8203707933425903,0.799137532711029,2.964418411254883,0.0370899997651577,11200.4169921875,91.4251708984375,97.26107788085938
vast-chess-8gpu-v93-latch-reset,701,1789993397.2268403,350500,3952,179457168,717824000,12255376,16000000,1,1.819834589958191,0.7991244792938232,2.9639968872070312,0.03700000047683716,11435.173828125,89.54827117919922,81.19268798828125
vast-chess-8gpu-v93-latch-reset,702,1789993600.201778,351000,4030,179722320,718848000,12520518,16000000,1,1.82133150100708,0.7987833023071289,2.9650485515594482,0.03691000118851662,11486.2236328125,89.15027618408203,89.70706176757812
vast-chess-8gpu-v93-latch-reset,703,1789993816.5023017,351500,3869,179975168,719872000,12773380,16000000,1,1.8201278448104858,0.7991998791694641,2.964123010635376,0.03681999817490578,10546.41796875,97.0945816040039,93.31230163574219
vast-chess-8gpu-v93-latch-reset,704,1789994037.1354945,352000,3966,180229392,720896000,13027597,16000000,1,1.8188962936401367,0.7996490597724915,2.9635119438171387,0.036729998886585236,11140.798828125,91.91441345214844,99.33265686035156
vast-chess-8gpu-v93-latch-reset,705,1789994240.648329,352500,3973,180483792,721920000,13281993,16000000,1,1.8208106756210327,0.7990841269493103,2.9646596908569336,0.036639999598264694,11248.9033203125,91.03109741210938,86.47237396240234
vast-chess-8gpu-v93-latch-reset,706,1789994463.8238044,353000,3973,180740832,722944000,13539035,16000000,1,1.820712924003601,0.7986162900924683,2.964285135269165,0.03655000030994415,11132.94921875,91.9792251586914,104.8576431274414
vast-chess-8gpu-v93-latch-reset,707,1789994678.4902608,353500,3966,180993168,723968000,13791370,16000000,1,1.8196114301681519,0.7983530759811401,2.9626293182373047,0.03646000102162361,10994.1875,93.14012145996094,95.2759017944336
vast-chess-8gpu-v93-latch-reset,708,1789994892.803146,354000,4131,181254784,724992000,14052995,16000000,1,1.8201501369476318,0.7982724905014038,2.963148593902588,0.03637000173330307,10629.09765625,96.33931732177734,92.8848876953125
vast-chess-8gpu-v93-latch-reset,709,1789995099.5854392,354500,4088,181507264,726016000,14305462,16000000,1,1.8210251331329346,0.798697292804718,2.9644887447357178,0.03627999871969223,10964.6123046875,93.39134979248047,86.35246276855469
vast-chess-8gpu-v93-latch-reset,710,1789995302.8758402,355000,4045,181764928,727040000,14563129,16000000,1,1.8202228546142578,0.7973536849021912,2.9621100425720215,0.03618999943137169,11119.734375,92.08853149414062,86.86732482910156
vast-chess-8gpu-v93-latch-reset,711,1789995515.5244753,355500,3975,182021536,728064000,14819742,16000000,1,1.8201454877853394,0.7975700497627258,2.96232008934021,0.03610000014305115,11068.0,92.51897430419922,97.81282043457031
vast-chess-8gpu-v93-latch-reset,712,1789995727.1896966,356000,4386,182282336,729088000,15080537,16000000,1,1.8212896585464478,0.7974680066108704,2.9633634090423584,0.036010000854730606,11420.876953125,89.66036987304688,99.24021911621094
vast-chess-8gpu-v93-latch-reset,713,1789995949.8932004,356500,3983,182533696,730112000,15331903,16000000,1,1.820307731628418,0.7983176112174988,2.963080644607544,0.035920001566410065,11165.908203125,91.70772552490234,106.13729095458984
vast-chess-8gpu-v93-latch-reset,714,1789996177.1782517,357000,4049,182789056,731136000,15587256,16000000,1,1.8206236362457275,0.7973169684410095,2.962599515914917,0.035829998552799225,10702.0517578125,95.68258666992188,102.75093078613281
vast-chess-8gpu-v93-latch-reset,715,1789996377.6370118,357500,3970,183041488,732160000,15839692,16000000,1,1.8205856084823608,0.7978377342224121,2.9629645347595215,0.035739999264478683,10878.5595703125,94.1301040649414,79.00904083251953
vast-chess-8gpu-v93-latch-reset,716,1789996593.3822362,358000,4130,183304928,733184000,16000000,16000000,1,1.8215724229812622,0.797920823097229,2.963623285293579,0.03564999997615814,11180.9033203125,91.58473205566406,96.71138000488281
vast-chess-8gpu-v93-latch-reset,717,1789996799.2777286,358500,3905,183555392,734208000,16000000,16000000,1,1.8216687440872192,0.7983747720718384,2.9645347595214844,0.0355600006878376,10935.5390625,93.6396484375,88.11844635009766
vast-chess-8gpu-v93-latch-reset,718,1789997014.196235,359000,4136,183814544,735232000,16000000,16000000,1,1.8212175369262695,0.7964487075805664,2.961993932723999,0.03547000139951706,11412.3955078125,89.72699737548828,96.70928955078125
vast-chess-8gpu-v93-latch-reset,719,1789997226.1088405,359500,4022,184069072,736256000,16000000,16000000,1,1.8235034942626953,0.7981117963790894,2.965975046157837,0.03537999838590622,11426.2861328125,89.617919921875,96.90489959716797
vast-chess-8gpu-v93-latch-reset,720,1789997443.730552,360000,3851,184321104,737280000,16000000,16000000,1,1.8233129978179932,0.7982041239738464,2.9658758640289307,0.03528999909758568,10909.0634765625,93.86690521240234,97.58927154541016
vast-chess-8gpu-v93-latch-reset,721,1789997649.4015253,360500,4027,184579440,738304000,16000000,16000000,1,1.8221724033355713,0.7977783679962158,2.9642529487609863,0.03519999980926514,11661.4794921875,87.81047058105469,91.47200775146484
vast-chess-8gpu-v93-latch-reset,722,1789997857.6726718,361000,4146,184838032,739328000,16000000,16000000,1,1.8223415613174438,0.7974912524223328,2.964257001876831,0.035110000520944595,11388.490234375,89.91534423828125,92.02497100830078
vast-chess-8gpu-v93-latch-reset,723,1789998080.3339617,361500,4387,185098592,740352000,16000000,16000000,1,1.8237789869308472,0.7981557846069336,2.966397523880005,0.035020001232624054,11248.03125,91.03815460205078,104.21057891845703
vast-chess-8gpu-v93-latch-reset,724,1789998292.8319054,362000,4005,185345568,741376000,16000000,16000000,1,1.8243483304977417,0.7984580993652344,2.967055559158325,0.034929998219013214,11054.9189453125,92.62844848632812,95.51342010498047
vast-chess-8gpu-v93-latch-reset,725,1789998500.7587514,362500,3962,185601376,742400000,16000000,16000000,1,1.8240681886672974,0.7986480593681335,2.966907024383545,0.03483999893069267,10489.7822265625,97.61880493164062,87.15243530273438
vast-chess-8gpu-v93-latch-reset,726,1789998721.7737446,363000,4177,185864960,743424000,16000000,16000000,1,1.8239895105361938,0.7981241941452026,2.966381311416626,0.03474999964237213,11174.716796875,91.63542938232422,102.31156921386719
vast-chess-8gpu-v93-latch-reset,727,1789998935.9764988,363500,3953,186116416,744448000,16000000,16000000,1,1.8236181735992432,0.7982318997383118,2.9661097526550293,0.03466000035405159,10965.943359375,93.38002014160156,93.09044647216797
vast-chess-8gpu-v93-latch-reset,728,1789999149.711253,364000,3946,186377168,745472000,16000000,16000000,1,1.823458194732666,0.7981482744216919,2.966031789779663,0.03457000106573105,11185.294921875,91.54876708984375,97.90829467773438
vast-chess-8gpu-v93-latch-reset,729,1789999365.1138203,364500,3890,186629328,746496000,16000000,16000000,1,1.823434591293335,0.7979596853256226,2.96573805809021,0.03448000177741051,11351.6123046875,90.20745086669922,97.77305603027344
vast-chess-8gpu-v93-latch-reset,730,1789999567.322098,365000,3766,186880192,747520000,16000000,16000000,1,1.8239527940750122,0.7984231114387512,2.9665729999542236,0.03438999876379967,10896.5498046875,93.97470092773438,84.04885864257812
vast-chess-8gpu-v93-latch-reset,731,1789999790.849127,365500,3873,187141840,748544000,16000000,16000000,1,1.8231174945831299,0.7992299795150757,2.966583013534546,0.034299999475479126,11063.044921875,92.56040954589844,103.98654174804688
vast-chess-8gpu-v93-latch-reset,732,1789999980.831898,366000,3726,187394464,749568000,16000000,16000000,1,1.8251469135284424,0.7996490597724915,2.969022035598755,0.034210000187158585,11655.6083984375,87.85470581054688,77.34268951416016
vast-chess-8gpu-v93-latch-reset,733,1790000180.6200743,366500,3859,187649296,750592000,16000000,16000000,1,1.8227059841156006,0.8005310297012329,2.967453718185425,0.03412000089883804,11691.6806640625,87.5836410522461,87.47989654541016
vast-chess-8gpu-v93-latch-reset,734,1790000401.2021644,367000,4035,187911152,751616000,16000000,16000000,1,1.8232065439224243,0.8001360297203064,2.967377185821533,0.0340300016105175,11210.0673828125,91.3464584350586,105.57727813720703
vast-chess-8gpu-v93-latch-reset,735,1790000626.7963595,367500,3701,188163312,752640000,16000000,16000000,1,1.8243533372879028,0.8000340461730957,2.9684252738952637,0.03393999859690666,11027.5869140625,92.85802459716797,107.08491516113281
vast-chess-8gpu-v93-latch-reset,736,1790000845.4266407,368000,3874,188424208,753664000,16000000,16000000,1,1.8233853578567505,0.7995450496673584,2.967085838317871,0.03384999930858612,11052.65625,92.64741516113281,98.05036926269531
vast-chess-8gpu-v93-latch-reset,737,1790001047.549082,368500,3790,188674624,754688000,16000000,16000000,1,1.8227335214614868,0.799125075340271,2.965918779373169,0.03376000002026558,10623.775390625,96.3875732421875,77.99002075195312
vast-chess-8gpu-v93-latch-reset,738,1790001256.4827776,369000,4050,188936928,755712000,16000000,16000000,1,1.823081135749817,0.7995837926864624,2.966381072998047,0.03367000073194504,11538.1865234375,88.748779296875,92.71002960205078
vast-chess-8gpu-v93-latch-reset,739,1790001460.4591267,369500,4014,189197696,756736000,16000000,16000000,1,1.8228005170822144,0.7992635369300842,2.965667963027954,0.033580001443624496,11192.3876953125,91.49075317382812,88.05103302001953
vast-chess-8gpu-v93-latch-reset,740,1790001666.2493443,370000,3876,189441584,757760000,16000000,16000000,1,1.823370337486267,0.7992786169052124,2.966508150100708,0.03348999843001366,11148.591796875,91.85016632080078,89.04203796386719
vast-chess-8gpu-v93-latch-reset,741,1790001882.50295,370500,4154,189696624,758784000,16000000,16000000,1,1.822279930114746,0.7983921766281128,2.9643661975860596,0.033399999141693115,11284.1748046875,90.74655151367188,99.49427795410156
vast-chess-8gpu-v93-latch-reset,742,1790002106.8037071,371000,4250,189958592,759808000,16000000,16000000,1,1.8208961486816406,0.7974749803543091,2.9619081020355225,0.033309999853372574,10732.3662109375,95.41232299804688,98.436767578125
vast-chess-8gpu-v93-latch-reset,743,1790002308.9826412,371500,3965,190214912,760832000,16000000,16000000,1,1.8215219974517822,0.7985842823982239,2.9638772010803223,0.03322000056505203,11182.58203125,91.57097625732422,86.91036987304688
vast-chess-8gpu-v93-latch-reset,744,1790002515.4347048,372000,4122,190467744,761856000,16000000,16000000,1,1.8208410739898682,0.7984333634376526,2.96272873878479,0.03313000127673149,11184.962890625,91.5514907836914,90.72154998779297
vast-chess-8gpu-v93-latch-reset,745,1790002730.728151,372500,3985,190722544,762880000,16000000,16000000,1,1.8219674825668335,0.79864102602005,2.964323043823242,0.03303999826312065,11147.2939453125,91.8608627319336,97.37351989746094
vast-chess-8gpu-v93-latch-reset,746,1790002943.3741512,373000,4186,190982240,763904000,16000000,16000000,1,1.8212970495224,0.800648033618927,2.9655063152313232,0.03294999897480011,11015.7890625,92.95748138427734,94.88614654541016
vast-chess-8gpu-v93-latch-reset,747,1790003162.9621215,373500,4021,191236224,764928000,16000000,16000000,1,1.820610761642456,0.7993435859680176,2.9633963108062744,0.03285999968647957,11389.38671875,89.90826416015625,103.228759765625
vast-chess-8gpu-v93-latch-reset,748,1790003383.7520201,374000,3949,191496848,765952000,16000000,16000000,1,1.8204208612442017,0.8002467751502991,2.9642012119293213,0.03277000039815903,10712.1494140625,95.59239196777344,99.97576141357422
vast-chess-8gpu-v93-latch-reset,749,1790003584.8437057,374500,4133,191752752,766976000,16000000,16000000,1,1.8205996751785278,0.7998667359352112,2.963911771774292,0.032680001109838486,11399.626953125,89.82749938964844,84.19507598876953
vast-chess-8gpu-v93-latch-reset,750,1790003795.8654337,375000,4091,192007536,768000000,16000000,16000000,1,1.8204567432403564,0.7989556193351746,2.9631330966949463,0.032590001821517944,11347.123046875,90.2431411743164,98.10487365722656
vast-chess-8gpu-v93-latch-reset,751,1790004002.9888136,375500,4118,192261680,769024000,16000000,16000000,1,1.8196351528167725,0.7982692718505859,2.9612207412719727,0.032499998807907104,11444.341796875,89.47653198242188,95.21385192871094
vast-chess-8gpu-v93-latch-reset,752,1790004219.7888374,376000,4078,192519648,770048000,16000000,16000000,1,1.8198970556259155,0.7988008260726929,2.961937665939331,0.03240999951958656,11096.8486328125,92.27845764160156,98.92497253417969
vast-chess-8gpu-v93-latch-reset,753,1790004432.9861417,376500,3709,192768176,771072000,16000000,16000000,1,1.8197036981582642,0.7987698912620544,2.9618844985961914,0.03232000023126602,11291.9091796875,90.68439483642578,98.85765075683594
vast-chess-8gpu-v93-latch-reset,754,1790004654.6495714,377000,4092,193033360,772096000,16000000,16000000,1,1.819489598274231,0.7990797758102417,2.962026834487915,0.03223000094294548,10524.435546875,97.29737854003906,98.40754699707031
vast-chess-8gpu-v93-latch-reset,755,1790004871.2614467,377500,3867,193285904,773120000,16000000,16000000,1,1.8182650804519653,0.7997348308563232,2.961181402206421,0.03214000165462494,10867.6015625,94.22502136230469,94.58394622802734
vast-chess-8gpu-v93-latch-reset,756,1790005082.515572,378000,4062,193540384,774144000,16000000,16000000,1,1.8177696466445923,0.7990943193435669,2.959965944290161,0.0320499986410141,11104.3955078125,92.21573638916016,92.48560333251953
vast-chess-8gpu-v93-latch-reset,757,1790005299.1902742,378500,3671,193793904,775168000,16000000,16000000,1,1.8171144723892212,0.7996874451637268,2.9602081775665283,0.03195999935269356,11267.6708984375,90.87947845458984,100.13421630859375
vast-chess-8gpu-v93-latch-reset,758,1790005494.0980115,379000,3671,194049776,776192000,16000000,16000000,1,1.8190258741378784,0.8013189435005188,2.963533639907837,0.031870000064373016,11149.5029296875,91.84265899658203,78.25588989257812
vast-chess-8gpu-v93-latch-reset,759,1790005691.9218023,379500,3841,194307520,777216000,16000000,16000000,1,1.8171634674072266,0.801357090473175,2.9616732597351074,0.031780000776052475,10738.7373046875,95.35572052001953,79.25304412841797
vast-chess-8gpu-v93-latch-reset,760,1790005895.8910544,380000,4011,194562992,778240000,16000000,16000000,1,1.8175846338272095,0.8018054962158203,2.9626107215881348,0.031690001487731934,11115.62109375,92.12261199951172,89.02511596679688
vast-chess-8gpu-v93-latch-reset,761,1790006113.5564282,380500,4038,194819792,779264000,16000000,16000000,1,1.817548155784607,0.8024316430091858,2.9630463123321533,0.031599998474121094,11259.439453125,90.94591522216797,100.69872283935547
vast-chess-8gpu-v93-latch-reset,762,1790006324.0756629,381000,4021,195079088,780288000,16000000,16000000,1,1.8179394006729126,0.8006888031959534,2.9614968299865723,0.03150999918580055,11401.3662109375,89.81380462646484,97.29485321044922
vast-chess-8gpu-v93-latch-reset,763,1790006526.1371038,381500,3909,195335200,781312000,16000000,16000000,1,1.8169176578521729,0.8020745515823364,2.961927890777588,0.03141999989748001,11347.1171875,90.2431869506836,86.66741943359375
vast-chess-8gpu-v93-latch-reset,764,1790006742.450072,382000,4111,195587808,782336000,16000000,16000000,1,1.8178038597106934,0.8010372519493103,2.962008237838745,0.03133000060915947,11040.2119140625,92.75184631347656,95.28351593017578
vast-chess-8gpu-v93-latch-reset,765,1790006970.3558004,382500,4179,195846160,783360000,16000000,16000000,1,1.8160876035690308,0.800861120223999,2.9601738452911377,0.03123999945819378,10389.8955078125,98.55729675292969,107.45249938964844
vast-chess-8gpu-v93-latch-reset,766,1790007190.1938806,383000,4262,196105408,784384000,16000000,16000000,1,1.8155685663223267,0.8006688952445984,2.9591195583343506,0.031150000169873238,11089.7294921875,92.33769226074219,102.00465393066406
vast-chess-8gpu-v93-latch-reset,767,1790007394.571636,383500,3929,196358320,785408000,16000000,16000000,1,1.8167320489883423,0.8003938794136047,2.9600796699523926,0.031060000881552696,11090.94140625,92.32759857177734,87.47921752929688
vast-chess-8gpu-v93-latch-reset,768,1790007591.3281279,384000,3957,196608192,786432000,16000000,16000000,1,1.8163920640945435,0.8004440069198608,2.959834098815918,0.030969999730587006,11252.677734375,91.00055694580078,80.59104919433594
vast-chess-8gpu-v93-latch-reset,769,1790007809.2837915,384500,4100,196865056,787456000,16000000,16000000,1,1.8159834146499634,0.8018943071365356,2.960632562637329,0.030880000442266464,11139.5693359375,91.92455291748047,101.52923583984375
vast-chess-8gpu-v93-latch-reset,770,1790008035.2082555,385000,4321,197131728,788480000,16000000,16000000,1,1.8173272609710693,0.8013682961463928,2.961282730102539,0.030789999291300774,11113.4228515625,92.14083099365234,105.66707611083984
vast-chess-8gpu-v93-latch-reset,771,1790008252.1658428,385500,3999,197389184,789504000,16000000,16000000,1,1.8165408372879028,0.8018761873245239,2.9613523483276367,0.030700000002980232,10242.6708984375,99.97392272949219,90.95747375488281
vast-chess-8gpu-v93-latch-reset,772,1790008461.7453618,386000,3821,197639904,790528000,16000000,16000000,1,1.8166239261627197,0.8031512498855591,2.9626169204711914,0.03061000071465969,10892.533203125,94.00935363769531,89.00074768066406
vast-chess-8gpu-v93-latch-reset,773,1790008680.862955,386500,3899,197893008,791552000,16000000,16000000,1,1.8166425228118896,0.8013863563537598,2.960719347000122,0.030519999563694,11085.1513671875,92.37582397460938,100.0733413696289
vast-chess-8gpu-v93-latch-reset,774,1790008891.5549586,387000,3921,198153136,792576000,16000000,16000000,1,1.816001296043396,0.8014671206474304,2.96038556098938,0.03043000027537346,10916.2392578125,93.8051986694336,90.70993041992188
vast-chess-8gpu-v93-latch-reset,775,1790009087.1967847,387500,3878,198401152,793600000,16000000,16000000,1,1.8167176246643066,0.8024522066116333,2.9619884490966797,0.030339999124407768,11263.71875,90.91136169433594,79.85418701171875
vast-chess-8gpu-v93-latch-reset,776,1790009312.593423,388000,4162,198662128,794624000,16000000,16000000,1,1.8146523237228394,0.8020375967025757,2.9594321250915527,0.030249999836087227,10689.5966796875,95.7940673828125,103.3033218383789
vast-chess-8gpu-v93-latch-reset,777,1790009524.3138266,388500,4097,198918464,795648000,16000000,16000000,1,1.8162293434143066,0.8016712069511414,2.9606714248657227,0.030160000547766685,11285.0927734375,90.73917388916016,95.00794219970703
vast-chess-8gpu-v93-latch-reset,778,1790009742.458686,389000,4152,199180448,796672000,16000000,16000000,1,1.8147786855697632,0.8016470670700073,2.9590353965759277,0.030069999396800995,11197.8447265625,91.4461669921875,102.105224609375
vast-chess-8gpu-v93-latch-reset,779,1790009947.3503358,389500,3984,199433296,797696000,16000000,16000000,1,1.8142715692520142,0.8010106682777405,2.958136796951294,0.029980000108480453,11024.111328125,92.8873062133789,90.12598419189453
vast-chess-8gpu-v93-latch-reset,780,1790010159.939494,390000,3811,199684384,798720000,16000000,16000000,1,1.8141882419586182,0.8015452027320862,2.9582114219665527,0.029890000820159912,11095.6337890625,92.2885513305664,94.38397979736328
vast-chess-8gpu-v93-latch-reset,781,1790010372.9272528,390500,3930,199940384,799744000,16000000,16000000,1,1.8144683837890625,0.8024150133132935,2.959317445755005,0.02979999966919422,11149.2978515625,91.84435272216797,95.6258773803711
vast-chess-8gpu-v93-latch-reset,782,1790010590.3526342,391000,3801,200201184,800768000,16000000,16000000,1,1.8146260976791382,0.8020604848861694,2.959052324295044,0.02971000038087368,10502.15234375,97.50382232666016,94.23847961425781
vast-chess-8gpu-v93-latch-reset,783,1790010800.9140897,391500,3986,200456928,801792000,16000000,16000000,1,1.8139216899871826,0.802543580532074,2.958768367767334,0.02961999922990799,10882.0244140625,94.10013580322266,91.1457748413086
vast-chess-8gpu-v93-latch-reset,784,1790011010.5955727,392000,3960,200712624,802816000,16000000,16000000,1,1.8136719465255737,0.8013588190078735,2.957437753677368,0.029529999941587448,10819.4638671875,94.64424896240234,90.85487365722656
vast-chess-8gpu-v93-latch-reset,785,1790011226.2830677,392500,4020,200967792,803840000,16000000,16000000,1,1.8127102851867676,0.8010308742523193,2.9559361934661865,0.029440000653266907,10880.7626953125,94.11104583740234,94.8857192993164
vast-chess-8gpu-v93-latch-reset,786,1790011434.4851556,393000,3878,201217200,804864000,16000000,16000000,1,1.8120763301849365,0.8008415102958679,2.955101251602173,0.029349999502301216,11021.2041015625,92.91180419921875,89.2334976196289
vast-chess-8gpu-v93-latch-reset,787,1790011640.5705829,393500,4108,201473568,805888000,16000000,16000000,1,1.8132967948913574,0.7997669577598572,2.955362319946289,0.029260000213980675,11282.2626953125,90.7619400024414,88.87307739257812
vast-chess-8gpu-v93-latch-reset,788,1790011856.9128847,394000,4050,201728176,806912000,16000000,16000000,1,1.812279462814331,0.8007445335388184,2.9553935527801514,0.029170000925660133,10352.255859375,98.91563415527344,92.88146209716797
vast-chess-8gpu-v93-latch-reset,789,1790012078.156949,394500,4040,201988160,807936000,16000000,16000000,1,1.8118692636489868,0.8011375665664673,2.955083131790161,0.029079999774694443,10947.5205078125,93.53716278076172,98.16285705566406
vast-chess-8gpu-v93-latch-reset,790,1790012277.0919104,395000,3973,202246656,808960000,16000000,16000000,1,1.8120428323745728,0.8017639517784119,2.956066608428955,0.0289900004863739,11237.287109375,91.12519836425781,84.3135986328125
vast-chess-8gpu-v93-latch-reset,791,1790012483.771769,395500,3859,202504064,809984000,16000000,16000000,1,1.8111902475357056,0.8021811246871948,2.955573081970215,0.02889999933540821,11136.6103515625,91.94898223876953,87.39722442626953
vast-chess-8gpu-v93-latch-reset,792,1790012688.5764108,396000,3940,202754640,811008000,16000000,16000000,1,1.8119722604751587,0.8023458123207092,2.9562885761260986,0.02881000004708767,11158.892578125,91.76537322998047,87.65877532958984
vast-chess-8gpu-v93-latch-reset,793,1790012913.690941,396500,4091,203016304,812032000,16000000,16000000,1,1.8107101917266846,0.8013426065444946,2.953746795654297,0.028720000758767128,10327.9072265625,99.14883422851562,100.86547088623047
vast-chess-8gpu-v93-latch-reset,794,1790013120.673792,397000,3814,203267168,813056000,16000000,16000000,1,1.812395691871643,0.801074743270874,2.9554715156555176,0.028629999607801437,11070.6494140625,92.49683380126953,86.74763488769531
vast-chess-8gpu-v93-latch-reset,795,1790013337.6801786,397500,4051,203533568,814080000,16000000,16000000,1,1.810090184211731,0.800523579120636,2.9523942470550537,0.028540000319480896,11293.45703125,90.6719741821289,98.89679718017578
vast-chess-8gpu-v93-latch-reset,796,1790013539.8520236,398000,3994,203781712,815104000,16000000,16000000,1,1.8105711936950684,0.8006845116615295,2.9531338214874268,0.028449999168515205,11146.5703125,91.8668212890625,85.83106231689453
vast-chess-8gpu-v93-latch-reset,797,1790013758.5198066,398500,4074,204035072,816128000,16000000,16000000,1,1.8105394840240479,0.7996001243591309,2.9519941806793213,0.028359999880194664,10970.89453125,93.33787536621094,100.01807403564453
vast-chess-8gpu-v93-latch-reset,798,1790013966.6247785,399000,3980,204291312,817152000,16000000,16000000,1,1.8110415935516357,0.8007652163505554,2.9537158012390137,0.028270000591874123,11367.59765625,90.08059692382812,91.76490783691406
vast-chess-8gpu-v93-latch-reset,799,1790014179.9873788,399500,4166,204550208,818176000,16000000,16000000,1,1.8106080293655396,0.7996178865432739,2.9524624347686768,0.028179999440908432,10468.203125,97.82003784179688,91.96504211425781
vast-chess-8gpu-v93-latch-reset,800,1790014388.2036433,400000,3922,204803360,819200000,16000000,16000000,1,1.808631420135498,0.7997658252716064,2.9501187801361084,0.02809000015258789,11385.5966796875,89.93819427490234,94.26358032226562
vast-chess-8gpu-v93-latch-reset,801,1790014602.9175746,400500,3980,205060992,820224000,16000000,16000000,1,1.8094017505645752,0.8007888197898865,2.952009916305542,0.02800000086426735,11010.8388671875,92.99927520751953,96.0079345703125
vast-chess-8gpu-v93-latch-reset,802,1790014822.4153051,401000,3806,205314336,821248000,16000000,16000000,1,1.8093338012695312,0.8007354140281677,2.9518885612487793,0.02790999971330166,11089.3662109375,92.34071350097656,99.89940643310547
vast-chess-8gpu-v93-latch-reset,803,1790015011.7890947,401500,3928,205575024,822272000,16000000,16000000,1,1.8088092803955078,0.8009793162345886,2.9516985416412354,0.027820000424981117,11168.955078125,91.68270111083984,76.5679702758789
vast-chess-8gpu-v93-latch-reset,804,1790015230.6570046,402000,3964,205831792,823296000,16000000,16000000,1,1.8099907636642456,0.8005371689796448,2.952239751815796,0.027729999274015427,11075.8232421875,92.45362091064453,99.81977081298828
vast-chess-8gpu-v93-latch-reset,805,1790015453.2656276,402500,4159,206089776,824320000,16000000,16000000,1,1.8082860708236694,0.800270676612854,2.9503426551818848,0.027639999985694885,10448.4462890625,98.0050048828125,97.65789794921875
vast-chess-8gpu-v93-latch-reset,806,1790015670.6748507,403000,4081,206346304,825344000,16000000,16000000,1,1.8095282316207886,0.8001694679260254,2.9515750408172607,0.027550000697374344,10809.97265625,94.72734069824219,97.3625259399414
vast-chess-8gpu-v93-latch-reset,807,1790015880.8977578,403500,3995,206597952,826368000,16000000,16000000,1,1.8101166486740112,0.7987441420555115,2.95072340965271,0.027459999546408653,11138.4560546875,91.93374633789062,91.19329071044922
vast-chess-8gpu-v93-latch-reset,808,1790016090.0297444,404000,3997,206859328,827392000,16000000,16000000,1,1.80906081199646,0.7991871237754822,2.94989275932312,0.027370000258088112,10868.544921875,94.21684265136719,88.73719787597656
vast-chess-8gpu-v93-latch-reset,809,1790016290.5086958,404500,3762,207111264,828416000,16000000,16000000,1,1.8087844848632812,0.799000084400177,2.949401617050171,0.02727999910712242,11245.4150390625,91.05933380126953,85.60540771484375
vast-chess-8gpu-v93-latch-reset,810,1790016517.9583912,405000,4124,207366432,829440000,16000000,16000000,1,1.8101822137832642,0.7992708086967468,2.9511055946350098,0.02718999981880188,10167.103515625,100.71698760986328,100.29328918457031
vast-chess-8gpu-v93-latch-reset,811,1790016738.4747236,405500,3986,207621920,830464000,16000000,16000000,1,1.8093936443328857,0.7993713021278381,2.9506332874298096,0.02710000053048134,10828.8212890625,94.56246185302734,99.3228759765625
vast-chess-8gpu-v93-latch-reset,812,1790016944.099214,406000,4002,207876848,831488000,16000000,16000000,1,1.8091460466384888,0.7991483807563782,2.9502694606781006,0.027009999379515648,11191.96875,91.49417877197266,87.19766998291016
vast-chess-8gpu-v93-latch-reset,813,1790017160.6206212,406500,4021,208133664,832512000,16000000,16000000,1,1.8088293075561523,0.7988625764846802,2.949568748474121,0.026920000091195107,11033.3408203125,92.80960083007812,97.63673400878906
vast-chess-8gpu-v93-latch-reset,814,1790017359.154707,407000,4070,208384208,833536000,16000000,16000000,1,1.8080053329467773,0.7990882396697998,2.949157476425171,0.026830000802874565,11415.23046875,89.70471954345703,87.64437866210938
vast-chess-8gpu-v93-latch-reset,815,1790017589.885807,407500,4192,208648608,834560000,16000000,16000000,1,1.8090252876281738,0.7981878519058228,2.9490725994110107,0.026739999651908875,11148.0576171875,91.85456848144531,113.68101501464844
vast-chess-8gpu-v93-latch-reset,816,1790017812.6275487,408000,3934,208905344,835584000,16000000,16000000,1,1.8091120719909668,0.7989954948425293,2.9499635696411133,0.026650000363588333,10452.6484375,97.96560668945312,97.67644500732422
vast-chess-8gpu-v93-latch-reset,817,1790018011.4516792,408500,3988,209153744,836608000,16000000,16000000,1,1.8099244832992554,0.798581063747406,2.9501614570617676,0.026559999212622643,11058.4609375,92.5987777709961,79.71199798583984
